연번,호선,고유역번호(외부역코드),역명,수송연월,승하차인원수
1,1,150,서울역(1),2024-01,3121572
2,1,151,시청(1),2024-01,1517476
3,1,152,종각,2024-01,2293243
4,1,153,종로3가(1),2024-01,1490871
5,1,154,종로5가,2024-01,1402547
6,1,155,동대문(1),2024-01,666749
7,1,156,신설동(1),2024-01,793203
8,1,157,제기동,2024-01,1044538
9,1,158,청량리,2024-01,1312055
10,1,159,동묘앞(1),2024-01,582990
11,2,201,시청(2),2024-01,1466087
12,2,202,을지로입구,2024-01,2819688
13,2,203,을지로3가(2),2024-01,1439991
14,2,204,을지로4가(2),2024-01,786410
15,2,205,동대문역사문화공원(2),2024-01,886268
16,2,206,신당(2),2024-01,890159
17,2,207,상왕십리,2024-01,824847
18,2,208,왕십리(2),2024-01,858884
19,2,209,한양대,2024-01,480998
20,2,210,뚝섬,2024-01,1440556
21,2,211,성수,2024-01,2498887
22,2,212,건대입구(2),2024-01,2257120
23,2,213,구의,2024-01,1427725
24,2,214,강변,2024-01,1786706
25,2,215,잠실나루,2024-01,864590
26,2,216,잠실(2),2024-01,4569441
27,2,217,잠실새내,2024-01,1368535
28,2,218,종합운동장(2),2024-01,505501
29,2,219,삼성,2024-01,3107675
30,2,220,선릉,2024-01,3029052
31,2,221,역삼,2024-01,3088949
32,2,222,강남,2024-01,4770093
33,2,223,교대(2),2024-01,1926459
34,2,224,서초,2024-01,1235337
35,2,225,방배,2024-01,895243
36,2,226,사당(2),2024-01,2503573
37,2,227,낙성대,2024-01,1572038
38,2,228,서울대입구,2024-01,2657376
39,2,229,봉천,2024-01,1364096
40,2,230,신림,2024-01,3143029
41,2,231,신대방,2024-01,1463390
42,2,232,구로디지털단지,2024-01,3316585
43,2,233,대림(2),2024-01,1438536
44,2,234,신도림,2024-01,2915991
45,2,235,문래,2024-01,1339805
46,2,236,영등포구청(2),2024-01,1312462
47,2,237,당산,2024-01,1095389
48,2,238,합정(2),2024-01,2029208
49,2,239,홍대입구,2024-01,4330383
50,2,240,신촌,2024-01,2209421
51,2,241,이대,2024-01,868755
52,2,242,아현,2024-01,590914
53,2,243,충정로(2),2024-01,603426
54,2,244,용답,2024-01,170980
55,2,245,신답,2024-01,101451
56,2,246,신설동(2),2024-01,224557
57,2,247,도림천,2024-01,77401
58,2,248,양천구청,2024-01,408138
59,2,249,신정네거리,2024-01,613614
60,2,250,용두,2024-01,149203
61,3,309,지축,2024-01,410988
62,3,310,구파발,2024-01,1229415
63,3,311,연신내(3),2024-01,1966587
64,3,312,불광(3),2024-01,984627
65,3,313,녹번,2024-01,857053
66,3,314,홍제,2024-01,1020469
67,3,315,무악재,2024-01,256404
68,3,316,독립문,2024-01,431741
69,3,317,경복궁,2024-01,1349801
70,3,318,안국,2024-01,1447656
71,3,319,종로3가(3),2024-01,674636
72,3,320,을지로3가(3),2024-01,690329
73,3,322,동대입구,2024-01,574422
74,3,323,약수(3),2024-01,741391
75,3,324,금호,2024-01,459114
76,3,325,옥수,2024-01,532572
77,3,326,압구정,2024-01,1935197
78,3,327,신사,2024-01,1706228
79,3,328,잠원,2024-01,279744
80,3,329,고속터미널(3),2024-01,2770791
81,3,330,교대(3),2024-01,761062
82,3,331,남부터미널,2024-01,1765688
83,3,332,양재,2024-01,2226793
84,3,333,매봉,2024-01,706508
85,3,334,도곡,2024-01,302998
86,3,335,대치,2024-01,753267
87,3,336,학여울,2024-01,130062
88,3,337,대청,2024-01,593318
89,3,338,일원,2024-01,627967
90,3,339,수서,2024-01,1123831
91,3,340,가락시장(3),2024-01,533158
92,3,341,경찰병원,2024-01,440425
93,3,342,오금(3),2024-01,367548
94,4,409,불암산,2024-01,527274
95,4,410,상계,2024-01,1082717
96,4,411,노원(4),2024-01,1805117
97,4,412,창동,2024-01,1593430
98,4,413,쌍문,2024-01,1632822
99,4,414,수유,2024-01,1969834
100,4,415,미아,2024-01,858949
101,4,416,미아사거리,2024-01,1550089
102,4,417,길음,2024-01,1199402
103,4,418,성신여대입구,2024-01,1178437
104,4,419,한성대입구,2024-01,738466
105,4,420,혜화,2024-01,2181454
106,4,421,동대문(4),2024-01,1123703
107,4,422,동대문역사문화공원(4),2024-01,984731
108,4,423,충무로(4),2024-01,1650226
109,4,424,명동,2024-01,1784070
110,4,425,회현,2024-01,1531488
111,4,426,서울역(4),2024-01,964819
112,4,427,숙대입구,2024-01,786802
113,4,428,삼각지(4),2024-01,408670
114,4,429,신용산,2024-01,1159384
115,4,430,이촌,2024-01,542137
116,4,431,동작,2024-01,102699
117,4,432,이수(총신대입구),2024-01,1176535
118,4,433,사당(4),2024-01,1472760
119,4,434,남태령,2024-01,72575
120,5,2511,방화,2024-01,402084
121,5,2512,개화산,2024-01,347082
122,5,2513,김포공항(5),2024-01,521188
123,5,2514,송정,2024-01,366871
124,5,2515,마곡,2024-01,697852
125,5,2516,발산,2024-01,1347448
126,5,2517,우장산,2024-01,834401
127,5,2518,화곡,2024-01,1619005
128,5,2519,까치산(5),2024-01,1615831
129,5,2520,신정,2024-01,717514
130,5,2521,목동,2024-01,996220
131,5,2522,오목교,2024-01,1296849
132,5,2523,양평(5),2024-01,440214
133,5,2524,영등포구청(5),2024-01,273573
134,5,2525,영등포시장,2024-01,683656
135,5,2526,신길(5),2024-01,280504
136,5,2527,여의도(5),2024-01,1693381
137,5,2528,여의나루,2024-01,657150
138,5,2529,마포,2024-01,866942
139,5,2530,공덕(5),2024-01,842216
140,5,2531,애오개,2024-01,390017
141,5,2532,충정로(5),2024-01,262880
142,5,2533,서대문,2024-01,1122925
143,5,2534,광화문,2024-01,1979415
144,5,2535,종로3가(5),2024-01,845099
145,5,2536,을지로4가(5),2024-01,369607
146,5,2537,동대문역사문화공원(5),2024-01,191585
147,5,2538,청구(5),2024-01,218557
148,5,2539,신금호,2024-01,376720
149,5,2540,행당,2024-01,450052
150,5,2541,왕십리(5),2024-01,292768
151,5,2542,마장,2024-01,334618
152,5,2543,답십리,2024-01,937562
153,5,2544,장한평,2024-01,1128569
154,5,2545,군자(5),2024-01,721983
155,5,2546,아차산,2024-01,839117
156,5,2547,광나루,2024-01,764815
157,5,2548,천호(5),2024-01,1154541
158,5,2549,강동,2024-01,1068182
159,5,2550,길동,2024-01,499318
160,5,2551,굽은다리,2024-01,569524
161,5,2552,명일,2024-01,535741
162,5,2553,고덕,2024-01,603958
163,5,2554,상일동,2024-01,835445
164,5,2555,둔촌동,2024-01,518710
165,5,2556,올림픽공원(5),2024-01,248058
166,5,2557,방이,2024-01,455231
167,5,2558,오금(5),2024-01,208658
168,5,2559,개롱,2024-01,382588
169,5,2560,거여,2024-01,576773
170,5,2561,마천,2024-01,416483
171,5,2562,강일,2024-01,321203
172,5,2563,미사,2024-01,1053184
173,5,2564,하남풍산,2024-01,266343
174,5,2565,하남시청,2024-01,466287
175,5,2566,하남검단산,2024-01,387489
176,6,2611,응암,2024-01,1023943
177,6,2612,역촌,2024-01,244425
178,6,2613,불광(6),2024-01,265293
179,6,2614,독바위,2024-01,168168
180,6,2616,구산,2024-01,410780
181,6,2617,새절,2024-01,708177
182,6,2618,증산,2024-01,574271
183,6,2619,디지털미디어시티(6),2024-01,886227
184,6,2620,월드컵경기장,2024-01,249509
185,6,2621,마포구청,2024-01,793890
186,6,2622,망원,2024-01,933040
187,6,2623,합정(6),2024-01,804749
188,6,2624,상수,2024-01,621962
189,6,2625,광흥창,2024-01,523449
190,6,2626,대흥,2024-01,508497
191,6,2627,공덕(6),2024-01,1070332
192,6,2628,효창공원앞,2024-01,397273
193,6,2629,삼각지(6),2024-01,405326
194,6,2630,녹사평,2024-01,294961
195,6,2631,이태원,2024-01,695231
196,6,2632,한강진,2024-01,619803
197,6,2633,버티고개,2024-01,125212
198,6,2634,약수(6),2024-01,218100
199,6,2635,청구(6),2024-01,220264
200,6,2636,신당(6),2024-01,524122
201,6,2637,동묘앞(6),2024-01,491665
202,6,2638,창신,2024-01,179759
203,6,2639,보문,2024-01,431295
204,6,2640,안암,2024-01,628812
205,6,2641,고려대,2024-01,454903
206,6,2642,월곡,2024-01,663280
207,6,2643,상월곡,2024-01,348070
208,6,2644,돌곶이,2024-01,562772
209,6,2645,석계(6),2024-01,719599
210,6,2646,태릉입구(6),2024-01,348362
211,6,2647,화랑대,2024-01,591513
212,6,2648,봉화산,2024-01,509898
213,7,2711,장암,2024-01,102973
214,7,2712,도봉산(7),2024-01,544950
215,7,2713,수락산,2024-01,711964
216,7,2714,마들,2024-01,723649
217,7,2715,노원(7),2024-01,1503288
218,7,2716,중계,2024-01,802622
219,7,2717,하계,2024-01,1002012
220,7,2718,공릉,2024-01,684832
221,7,2719,태릉입구(7),2024-01,487092
222,7,2720,먹골,2024-01,596858
223,7,2721,중화,2024-01,606624
224,7,2722,상봉(7),2024-01,993947
225,7,2723,면목,2024-01,847775
226,7,2724,사가정,2024-01,935629
227,7,2725,용마산,2024-01,334795
228,7,2726,중곡,2024-01,619331
229,7,2727,군자(7),2024-01,806335
230,7,2728,어린이대공원,2024-01,764206
231,7,2729,건대입구(7),2024-01,818261
232,7,2730,자양,2024-01,474059
233,7,2731,청담,2024-01,1138503
234,7,2732,강남구청,2024-01,985245
235,7,2733,학동,2024-01,1388457
236,7,2734,논현,2024-01,1065531
237,7,2735,반포,2024-01,355766
238,7,2736,고속터미널(7),2024-01,953399
239,7,2737,내방,2024-01,845447
240,7,2738,이수(7),2024-01,947002
241,7,2739,남성,2024-01,643525
242,7,2740,숭실대입구,2024-01,705651
243,7,2741,상도,2024-01,645849
244,7,2742,장승배기,2024-01,532551
245,7,2743,신대방삼거리,2024-01,851978
246,7,2744,보라매,2024-01,402723
247,7,2745,신풍,2024-01,638002
248,7,2746,대림(7),2024-01,551468
249,7,2747,남구로,2024-01,891957
250,7,2748,가산디지털단지(7),2024-01,2479940
251,7,2749,철산,2024-01,1257368
252,7,2750,광명사거리,2024-01,1197276
253,7,2751,천왕,2024-01,640983
254,7,2752,온수(7),2024-01,513289
255,8,2811,암사,2024-01,1030457
256,8,2812,천호(8),2024-01,973392
257,8,2813,강동구청,2024-01,624965
258,8,2814,몽촌토성,2024-01,410246
259,8,2815,잠실(8),2024-01,1084024
260,8,2816,석촌(8),2024-01,525326
261,8,2817,송파,2024-01,549351
262,8,2818,가락시장(8),2024-01,506540
263,8,2819,문정,2024-01,1275191
264,8,2820,장지,2024-01,952971
265,8,2821,복정(8),2024-01,487809
266,8,2822,산성,2024-01,360402
267,8,2823,남한산성입구,2024-01,706618
268,8,2824,단대오거리,2024-01,685437
269,8,2825,신흥,2024-01,316930
270,8,2826,수진,2024-01,310229
271,8,2827,모란(8),2024-01,262169
272,8,2828,남위례,2024-01,407726
273,9,4126,언주,2024-01,398349
274,9,4127,선정릉,2024-01,329185
275,9,4128,삼성중앙,2024-01,264534
276,9,4129,봉은사,2024-01,691953
277,9,4130,종합운동장(9),2024-01,169422
278,9,4131,삼전,2024-01,285957
279,9,4132,석촌고분,2024-01,258479
280,9,4133,석촌(9),2024-01,333679
281,9,4134,송파나루,2024-01,219364
282,9,4135,한성백제,2024-01,114595
283,9,4136,올림픽공원(9),2024-01,264625
284,9,4137,둔촌오륜,2024-01,38190
285,9,4138,중앙보훈병원,2024-01,406011
286,1,150,서울역(1),2024-02,3027813
287,1,151,시청(1),2024-02,1352155
288,1,152,종각,2024-02,2030545
289,1,153,종로3가(1),2024-02,1372873
290,1,154,종로5가,2024-02,1315247
291,1,155,동대문(1),2024-02,685270
292,1,156,신설동(1),2024-02,732293
293,1,157,제기동,2024-02,959496
294,1,158,청량리,2024-02,1238396
295,1,159,동묘앞(1),2024-02,594236
296,2,201,시청(2),2024-02,1311779
297,2,202,을지로입구,2024-02,2567731
298,2,203,을지로3가(2),2024-02,1302936
299,2,204,을지로4가(2),2024-02,718395
300,2,205,동대문역사문화공원(2),2024-02,869282
301,2,206,신당(2),2024-02,821051
302,2,207,상왕십리,2024-02,748627
303,2,208,왕십리(2),2024-02,800997
304,2,209,한양대,2024-02,404760
305,2,210,뚝섬,2024-02,1305061
306,2,211,성수,2024-02,2363624
307,2,212,건대입구(2),2024-02,2079289
308,2,213,구의,2024-02,1307934
309,2,214,강변,2024-02,1729082
310,2,215,잠실나루,2024-02,774224
311,2,216,잠실(2),2024-02,4369562
312,2,217,잠실새내,2024-02,1256660
313,2,218,종합운동장(2),2024-02,440337
314,2,219,삼성,2024-02,2844307
315,2,220,선릉,2024-02,2659609
316,2,221,역삼,2024-02,2709390
317,2,222,강남,2024-02,4278256
318,2,223,교대(2),2024-02,1708230
319,2,224,서초,2024-02,1114515
320,2,225,방배,2024-02,798813
321,2,226,사당(2),2024-02,2257216
322,2,227,낙성대,2024-02,1426414
323,2,228,서울대입구,2024-02,2409186
324,2,229,봉천,2024-02,1238327
325,2,230,신림,2024-02,2891227
326,2,231,신대방,2024-02,1339035
327,2,232,구로디지털단지,2024-02,2971630
328,2,233,대림(2),2024-02,1339653
329,2,234,신도림,2024-02,2692162
330,2,235,문래,2024-02,1199750
331,2,236,영등포구청(2),2024-02,1179963
332,2,237,당산,2024-02,992849
333,2,238,합정(2),2024-02,1880485
334,2,239,홍대입구,2024-02,4252040
335,2,240,신촌,2024-02,2014168
336,2,241,이대,2024-02,823088
337,2,242,아현,2024-02,541694
338,2,243,충정로(2),2024-02,543690
339,2,244,용답,2024-02,155265
340,2,245,신답,2024-02,92443
341,2,246,신설동(2),2024-02,206689
342,2,247,도림천,2024-02,70287
343,2,248,양천구청,2024-02,374262
344,2,249,신정네거리,2024-02,560618
345,2,250,용두,2024-02,136855
346,3,309,지축,2024-02,378203
347,3,310,구파발,2024-02,1150785
348,3,311,연신내(3),2024-02,1823511
349,3,312,불광(3),2024-02,922231
350,3,313,녹번,2024-02,771140
351,3,314,홍제,2024-02,942173
352,3,315,무악재,2024-02,235413
353,3,316,독립문,2024-02,411594
354,3,317,경복궁,2024-02,1307352
355,3,318,안국,2024-02,1379313
356,3,319,종로3가(3),2024-02,634837
357,3,320,을지로3가(3),2024-02,624425
358,3,322,동대입구,2024-02,526738
359,3,323,약수(3),2024-02,681002
360,3,324,금호,2024-02,426987
361,3,325,옥수,2024-02,494046
362,3,326,압구정,2024-02,1757005
363,3,327,신사,2024-02,1540261
364,3,328,잠원,2024-02,257005
365,3,329,고속터미널(3),2024-02,2834286
366,3,330,교대(3),2024-02,677383
367,3,331,남부터미널,2024-02,1665257
368,3,332,양재,2024-02,1994589
369,3,333,매봉,2024-02,638816
370,3,334,도곡,2024-02,289041
371,3,335,대치,2024-02,674635
372,3,336,학여울,2024-02,151883
373,3,337,대청,2024-02,544313
374,3,338,일원,2024-02,560861
375,3,339,수서,2024-02,1035753
376,3,340,가락시장(3),2024-02,483157
377,3,341,경찰병원,2024-02,392543
378,3,342,오금(3),2024-02,326001
379,4,409,불암산,2024-02,491563
380,4,410,상계,2024-02,998725
381,4,411,노원(4),2024-02,1665276
382,4,412,창동,2024-02,1472200
383,4,413,쌍문,2024-02,1497484
384,4,414,수유,2024-02,1822230
385,4,415,미아,2024-02,800979
386,4,416,미아사거리,2024-02,1431068
387,4,417,길음,2024-02,1094651
388,4,418,성신여대입구,2024-02,1108522
389,4,419,한성대입구,2024-02,688848
390,4,420,혜화,2024-02,1988160
391,4,421,동대문(4),2024-02,1058923
392,4,422,동대문역사문화공원(4),2024-02,961858
393,4,423,충무로(4),2024-02,1542231
394,4,424,명동,2024-02,1797850
395,4,425,회현,2024-02,1392088
396,4,426,서울역(4),2024-02,926435
397,4,427,숙대입구,2024-02,723116
398,4,428,삼각지(4),2024-02,375737
399,4,429,신용산,2024-02,1092543
400,4,430,이촌,2024-02,507273
401,4,431,동작,2024-02,98347
402,4,432,이수(총신대입구),2024-02,1078842
403,4,433,사당(4),2024-02,1338328
404,4,434,남태령,2024-02,69894
405,5,2511,방화,2024-02,366148
406,5,2512,개화산,2024-02,315737
407,5,2513,김포공항(5),2024-02,500598
408,5,2514,송정,2024-02,336531
409,5,2515,마곡,2024-02,621594
410,5,2516,발산,2024-02,1224624
411,5,2517,우장산,2024-02,768844
412,5,2518,화곡,2024-02,1475501
413,5,2519,까치산(5),2024-02,1481935
414,5,2520,신정,2024-02,648147
415,5,2521,목동,2024-02,902502
416,5,2522,오목교,2024-02,1181889
417,5,2523,양평(5),2024-02,394161
418,5,2524,영등포구청(5),2024-02,244196
419,5,2525,영등포시장,2024-02,621215
420,5,2526,신길(5),2024-02,255541
421,5,2527,여의도(5),2024-02,1516872
422,5,2528,여의나루,2024-02,675687
423,5,2529,마포,2024-02,786105
424,5,2530,공덕(5),2024-02,758186
425,5,2531,애오개,2024-02,350153
426,5,2532,충정로(5),2024-02,235316
427,5,2533,서대문,2024-02,995525
428,5,2534,광화문,2024-02,1734625
429,5,2535,종로3가(5),2024-02,803318
430,5,2536,을지로4가(5),2024-02,331550
431,5,2537,동대문역사문화공원(5),2024-02,175453
432,5,2538,청구(5),2024-02,201350
433,5,2539,신금호,2024-02,346931
434,5,2540,행당,2024-02,410380
435,5,2541,왕십리(5),2024-02,274883
436,5,2542,마장,2024-02,307794
437,5,2543,답십리,2024-02,843491
438,5,2544,장한평,2024-02,1012058
439,5,2545,군자(5),2024-02,656867
440,5,2546,아차산,2024-02,784301
441,5,2547,광나루,2024-02,706892
442,5,2548,천호(5),2024-02,1060280
443,5,2549,강동,2024-02,957275
444,5,2550,길동,2024-02,458482
445,5,2551,굽은다리,2024-02,527043
446,5,2552,명일,2024-02,490455
447,5,2553,고덕,2024-02,555211
448,5,2554,상일동,2024-02,761205
449,5,2555,둔촌동,2024-02,473626
450,5,2556,올림픽공원(5),2024-02,241322
451,5,2557,방이,2024-02,403809
452,5,2558,오금(5),2024-02,185086
453,5,2559,개롱,2024-02,350596
454,5,2560,거여,2024-02,518598
455,5,2561,마천,2024-02,375528
456,5,2562,강일,2024-02,296278
457,5,2563,미사,2024-02,974462
458,5,2564,하남풍산,2024-02,242806
459,5,2565,하남시청,2024-02,434165
460,5,2566,하남검단산,2024-02,362523
461,6,2611,응암,2024-02,939052
462,6,2612,역촌,2024-02,219781
463,6,2613,불광(6),2024-02,251404
464,6,2614,독바위,2024-02,156701
465,6,2616,구산,2024-02,379082
466,6,2617,새절,2024-02,652033
467,6,2618,증산,2024-02,528383
468,6,2619,디지털미디어시티(6),2024-02,795591
469,6,2620,월드컵경기장,2024-02,248876
470,6,2621,마포구청,2024-02,726500
471,6,2622,망원,2024-02,872346
472,6,2623,합정(6),2024-02,748663
473,6,2624,상수,2024-02,571911
474,6,2625,광흥창,2024-02,481087
475,6,2626,대흥,2024-02,459903
476,6,2627,공덕(6),2024-02,974426
477,6,2628,효창공원앞,2024-02,361085
478,6,2629,삼각지(6),2024-02,370701
479,6,2630,녹사평,2024-02,280520
480,6,2631,이태원,2024-02,682752
481,6,2632,한강진,2024-02,583716
482,6,2633,버티고개,2024-02,114375
483,6,2634,약수(6),2024-02,196425
484,6,2635,청구(6),2024-02,203102
485,6,2636,신당(6),2024-02,474071
486,6,2637,동묘앞(6),2024-02,483227
487,6,2638,창신,2024-02,163076
488,6,2639,보문,2024-02,396793
489,6,2640,안암,2024-02,582785
490,6,2641,고려대,2024-02,424412
491,6,2642,월곡,2024-02,600238
492,6,2643,상월곡,2024-02,324010
493,6,2644,돌곶이,2024-02,513973
494,6,2645,석계(6),2024-02,659523
495,6,2646,태릉입구(6),2024-02,322590
496,6,2647,화랑대,2024-02,533469
497,6,2648,봉화산,2024-02,463828
498,7,2711,장암,2024-02,99175
499,7,2712,도봉산(7),2024-02,503184
500,7,2713,수락산,2024-02,658670
501,7,2714,마들,2024-02,668108
502,7,2715,노원(7),2024-02,1374859
503,7,2716,중계,2024-02,732945
504,7,2717,하계,2024-02,918912
505,7,2718,공릉,2024-02,635949
506,7,2719,태릉입구(7),2024-02,445991
507,7,2720,먹골,2024-02,549822
508,7,2721,중화,2024-02,559399
509,7,2722,상봉(7),2024-02,916864
510,7,2723,면목,2024-02,778253
511,7,2724,사가정,2024-02,857984
512,7,2725,용마산,2024-02,308555
513,7,2726,중곡,2024-02,565043
514,7,2727,군자(7),2024-02,732669
515,7,2728,어린이대공원,2024-02,699336
516,7,2729,건대입구(7),2024-02,726758
517,7,2730,자양,2024-02,445298
518,7,2731,청담,2024-02,1008087
519,7,2732,강남구청,2024-02,875132
520,7,2733,학동,2024-02,1220034
521,7,2734,논현,2024-02,963216
522,7,2735,반포,2024-02,326007
523,7,2736,고속터미널(7),2024-02,922613
524,7,2737,내방,2024-02,759098
525,7,2738,이수(7),2024-02,865815
526,7,2739,남성,2024-02,587933
527,7,2740,숭실대입구,2024-02,640956
528,7,2741,상도,2024-02,578840
529,7,2742,장승배기,2024-02,484109
530,7,2743,신대방삼거리,2024-02,775362
531,7,2744,보라매,2024-02,366943
532,7,2745,신풍,2024-02,583111
533,7,2746,대림(7),2024-02,527228
534,7,2747,남구로,2024-02,804081
535,7,2748,가산디지털단지(7),2024-02,2189261
536,7,2749,철산,2024-02,1136916
537,7,2750,광명사거리,2024-02,1100754
538,7,2751,천왕,2024-02,583480
539,7,2752,온수(7),2024-02,469928
540,8,2811,암사,2024-02,935856
541,8,2812,천호(8),2024-02,891989
542,8,2813,강동구청,2024-02,563748
543,8,2814,몽촌토성,2024-02,365471
544,8,2815,잠실(8),2024-02,1018470
545,8,2816,석촌(8),2024-02,480204
546,8,2817,송파,2024-02,496332
547,8,2818,가락시장(8),2024-02,456622
548,8,2819,문정,2024-02,1124410
549,8,2820,장지,2024-02,871868
550,8,2821,복정(8),2024-02,444170
551,8,2822,산성,2024-02,331252
552,8,2823,남한산성입구,2024-02,651145
553,8,2824,단대오거리,2024-02,625265
554,8,2825,신흥,2024-02,289902
555,8,2826,수진,2024-02,279047
556,8,2827,모란(8),2024-02,245628
557,8,2828,남위례,2024-02,374813
558,9,4126,언주,2024-02,352652
559,9,4127,선정릉,2024-02,296425
560,9,4128,삼성중앙,2024-02,237216
561,9,4129,봉은사,2024-02,660711
562,9,4130,종합운동장(9),2024-02,150336
563,9,4131,삼전,2024-02,258451
564,9,4132,석촌고분,2024-02,236800
565,9,4133,석촌(9),2024-02,307110
566,9,4134,송파나루,2024-02,198910
567,9,4135,한성백제,2024-02,103544
568,9,4136,올림픽공원(9),2024-02,253327
569,9,4137,둔촌오륜,2024-02,36613
570,9,4138,중앙보훈병원,2024-02,360582
571,1,150,서울역(1),2024-03,3301110
572,1,151,시청(1),2024-03,1547117
573,1,152,종각,2024-03,2210860
574,1,153,종로3가(1),2024-03,1568505
575,1,154,종로5가,2024-03,1538287
576,1,155,동대문(1),2024-03,777424
577,1,156,신설동(1),2024-03,871482
578,1,157,제기동,2024-03,1080373
579,1,158,청량리,2024-03,1432448
580,1,159,동묘앞(1),2024-03,720761
581,2,201,시청(2),2024-03,1438373
582,2,202,을지로입구,2024-03,2871988
583,2,203,을지로3가(2),2024-03,1456241
584,2,204,을지로4가(2),2024-03,829088
585,2,205,동대문역사문화공원(2),2024-03,1030347
586,2,206,신당(2),2024-03,942557
587,2,207,상왕십리,2024-03,868861
588,2,208,왕십리(2),2024-03,973664
589,2,209,한양대,2024-03,846667
590,2,210,뚝섬,2024-03,1517254
591,2,211,성수,2024-03,2675676
592,2,212,건대입구(2),2024-03,2445135
593,2,213,구의,2024-03,1480737
594,2,214,강변,2024-03,1829513
595,2,215,잠실나루,2024-03,847104
596,2,216,잠실(2),2024-03,4732061
597,2,217,잠실새내,2024-03,1458292
598,2,218,종합운동장(2),2024-03,779367
599,2,219,삼성,2024-03,3209120
600,2,220,선릉,2024-03,2945195
601,2,221,역삼,2024-03,2975334
602,2,222,강남,2024-03,4695675
603,2,223,교대(2),2024-03,1959197
604,2,224,서초,2024-03,1276164
605,2,225,방배,2024-03,1076735
606,2,226,사당(2),2024-03,2634883
607,2,227,낙성대,2024-03,1691430
608,2,228,서울대입구,2024-03,2824219
609,2,229,봉천,2024-03,1403618
610,2,230,신림,2024-03,3269932
611,2,231,신대방,2024-03,1528764
612,2,232,구로디지털단지,2024-03,3299980
613,2,233,대림(2),2024-03,1510804
614,2,234,신도림,2024-03,3084356
615,2,235,문래,2024-03,1341945
616,2,236,영등포구청(2),2024-03,1335079
617,2,237,당산,2024-03,1158572
618,2,238,합정(2),2024-03,2124829
619,2,239,홍대입구,2024-03,4764102
620,2,240,신촌,2024-03,2484420
621,2,241,이대,2024-03,1156576
622,2,242,아현,2024-03,652672
623,2,243,충정로(2),2024-03,612484
624,2,244,용답,2024-03,208070
625,2,245,신답,2024-03,109591
626,2,246,신설동(2),2024-03,256063
627,2,247,도림천,2024-03,82309
628,2,248,양천구청,2024-03,430015
629,2,249,신정네거리,2024-03,637515
630,2,250,용두,2024-03,157784
631,3,309,지축,2024-03,430381
632,3,310,구파발,2024-03,1306555
633,3,311,연신내(3),2024-03,2068029
634,3,312,불광(3),2024-03,1063908
635,3,313,녹번,2024-03,891611
636,3,314,홍제,2024-03,1112305
637,3,315,무악재,2024-03,270450
638,3,316,독립문,2024-03,510767
639,3,317,경복궁,2024-03,1633490
640,3,318,안국,2024-03,1687157
641,3,319,종로3가(3),2024-03,718400
642,3,320,을지로3가(3),2024-03,695266
643,3,322,동대입구,2024-03,746811
644,3,323,약수(3),2024-03,788558
645,3,324,금호,2024-03,480196
646,3,325,옥수,2024-03,569238
647,3,326,압구정,2024-03,1947622
648,3,327,신사,2024-03,1711026
649,3,328,잠원,2024-03,306026
650,3,329,고속터미널(3),2024-03,3067311
651,3,330,교대(3),2024-03,781382
652,3,331,남부터미널,2024-03,1789279
653,3,332,양재,2024-03,2260344
654,3,333,매봉,2024-03,713635
655,3,334,도곡,2024-03,349369
656,3,335,대치,2024-03,744734
657,3,336,학여울,2024-03,169165
658,3,337,대청,2024-03,622970
659,3,338,일원,2024-03,625716
660,3,339,수서,2024-03,1172468
661,3,340,가락시장(3),2024-03,539453
662,3,341,경찰병원,2024-03,442518
663,3,342,오금(3),2024-03,372317
664,4,409,불암산,2024-03,554905
665,4,410,상계,2024-03,1142751
666,4,411,노원(4),2024-03,1902548
667,4,412,창동,2024-03,1684047
668,4,413,쌍문,2024-03,1720737
669,4,414,수유,2024-03,2099674
670,4,415,미아,2024-03,960307
671,4,416,미아사거리,2024-03,1630556
672,4,417,길음,2024-03,1360318
673,4,418,성신여대입구,2024-03,1409639
674,4,419,한성대입구,2024-03,896059
675,4,420,혜화,2024-03,2285656
676,4,421,동대문(4),2024-03,1282334
677,4,422,동대문역사문화공원(4),2024-03,1129251
678,4,423,충무로(4),2024-03,1922191
679,4,424,명동,2024-03,2325927
680,4,425,회현,2024-03,1685757
681,4,426,서울역(4),2024-03,1040131
682,4,427,숙대입구,2024-03,953168
683,4,428,삼각지(4),2024-03,431789
684,4,429,신용산,2024-03,1216420
685,4,430,이촌,2024-03,551790
686,4,431,동작,2024-03,118996
687,4,432,이수(총신대입구),2024-03,1235820
688,4,433,사당(4),2024-03,1589505
689,4,434,남태령,2024-03,82944
690,5,2511,방화,2024-03,416090
691,5,2512,개화산,2024-03,354145
692,5,2513,김포공항(5),2024-03,532096
693,5,2514,송정,2024-03,381426
694,5,2515,마곡,2024-03,700208
695,5,2516,발산,2024-03,1376504
696,5,2517,우장산,2024-03,892941
697,5,2518,화곡,2024-03,1674794
698,5,2519,까치산(5),2024-03,1668392
699,5,2520,신정,2024-03,734888
700,5,2521,목동,2024-03,1033983
701,5,2522,오목교,2024-03,1331518
702,5,2523,양평(5),2024-03,442503
703,5,2524,영등포구청(5),2024-03,275386
704,5,2525,영등포시장,2024-03,708667
705,5,2526,신길(5),2024-03,300273
706,5,2527,여의도(5),2024-03,1685625
707,5,2528,여의나루,2024-03,934269
708,5,2529,마포,2024-03,878635
709,5,2530,공덕(5),2024-03,865407
710,5,2531,애오개,2024-03,404604
711,5,2532,충정로(5),2024-03,270283
712,5,2533,서대문,2024-03,1151721
713,5,2534,광화문,2024-03,1957861
714,5,2535,종로3가(5),2024-03,936613
715,5,2536,을지로4가(5),2024-03,379687
716,5,2537,동대문역사문화공원(5),2024-03,193138
717,5,2538,청구(5),2024-03,231513
718,5,2539,신금호,2024-03,406672
719,5,2540,행당,2024-03,464449
720,5,2541,왕십리(5),2024-03,311067
721,5,2542,마장,2024-03,361320
722,5,2543,답십리,2024-03,969021
723,5,2544,장한평,2024-03,1159557
724,5,2545,군자(5),2024-03,768224
725,5,2546,아차산,2024-03,944499
726,5,2547,광나루,2024-03,835308
727,5,2548,천호(5),2024-03,1199858
728,5,2549,강동,2024-03,1081342
729,5,2550,길동,2024-03,517845
730,5,2551,굽은다리,2024-03,601666
731,5,2552,명일,2024-03,566677
732,5,2553,고덕,2024-03,631552
733,5,2554,상일동,2024-03,865396
734,5,2555,둔촌동,2024-03,550497
735,5,2556,올림픽공원(5),2024-03,342306
736,5,2557,방이,2024-03,470215
737,5,2558,오금(5),2024-03,221941
738,5,2559,개롱,2024-03,410361
739,5,2560,거여,2024-03,606461
740,5,2561,마천,2024-03,441241
741,5,2562,강일,2024-03,350739
742,5,2563,미사,2024-03,1091028
743,5,2564,하남풍산,2024-03,273739
744,5,2565,하남시청,2024-03,497564
745,5,2566,하남검단산,2024-03,408235
746,6,2611,응암,2024-03,1075790
747,6,2612,역촌,2024-03,251193
748,6,2613,불광(6),2024-03,286611
749,6,2614,독바위,2024-03,176996
750,6,2616,구산,2024-03,441457
751,6,2617,새절,2024-03,771746
752,6,2618,증산,2024-03,614511
753,6,2619,디지털미디어시티(6),2024-03,914666
754,6,2620,월드컵경기장,2024-03,427461
755,6,2621,마포구청,2024-03,845462
756,6,2622,망원,2024-03,1013165
757,6,2623,합정(6),2024-03,869728
758,6,2624,상수,2024-03,711378
759,6,2625,광흥창,2024-03,544820
760,6,2626,대흥,2024-03,600604
761,6,2627,공덕(6),2024-03,1109773
762,6,2628,효창공원앞,2024-03,449012
763,6,2629,삼각지(6),2024-03,443205
764,6,2630,녹사평,2024-03,341176
765,6,2631,이태원,2024-03,821305
766,6,2632,한강진,2024-03,701780
767,6,2633,버티고개,2024-03,133874
768,6,2634,약수(6),2024-03,225557
769,6,2635,청구(6),2024-03,232585
770,6,2636,신당(6),2024-03,541820
771,6,2637,동묘앞(6),2024-03,570028
772,6,2638,창신,2024-03,206509
773,6,2639,보문,2024-03,481348
774,6,2640,안암,2024-03,890510
775,6,2641,고려대,2024-03,560629
776,6,2642,월곡,2024-03,770515
777,6,2643,상월곡,2024-03,402024
778,6,2644,돌곶이,2024-03,597402
779,6,2645,석계(6),2024-03,786187
780,6,2646,태릉입구(6),2024-03,393229
781,6,2647,화랑대,2024-03,685728
782,6,2648,봉화산,2024-03,526789
783,7,2711,장암,2024-03,123704
784,7,2712,도봉산(7),2024-03,606883
785,7,2713,수락산,2024-03,761358
786,7,2714,마들,2024-03,757993
787,7,2715,노원(7),2024-03,1556859
788,7,2716,중계,2024-03,865430
789,7,2717,하계,2024-03,1072877
790,7,2718,공릉,2024-03,776909
791,7,2719,태릉입구(7),2024-03,560181
792,7,2720,먹골,2024-03,629355
793,7,2721,중화,2024-03,641439
794,7,2722,상봉(7),2024-03,1043586
795,7,2723,면목,2024-03,931187
796,7,2724,사가정,2024-03,985867
797,7,2725,용마산,2024-03,358815
798,7,2726,중곡,2024-03,641407
799,7,2727,군자(7),2024-03,827346
800,7,2728,어린이대공원,2024-03,1116542
801,7,2729,건대입구(7),2024-03,887152
802,7,2730,자양,2024-03,589144
803,7,2731,청담,2024-03,1144810
804,7,2732,강남구청,2024-03,979581
805,7,2733,학동,2024-03,1368661
806,7,2734,논현,2024-03,1060245
807,7,2735,반포,2024-03,377833
808,7,2736,고속터미널(7),2024-03,978883
809,7,2737,내방,2024-03,858429
810,7,2738,이수(7),2024-03,987328
811,7,2739,남성,2024-03,689192
812,7,2740,숭실대입구,2024-03,979703
813,7,2741,상도,2024-03,762539
814,7,2742,장승배기,2024-03,557518
815,7,2743,신대방삼거리,2024-03,892377
816,7,2744,보라매,2024-03,422838
817,7,2745,신풍,2024-03,670311
818,7,2746,대림(7),2024-03,585526
819,7,2747,남구로,2024-03,878849
820,7,2748,가산디지털단지(7),2024-03,2367125
821,7,2749,철산,2024-03,1300350
822,7,2750,광명사거리,2024-03,1238849
823,7,2751,천왕,2024-03,669273
824,7,2752,온수(7),2024-03,589094
825,8,2811,암사,2024-03,1056709
826,8,2812,천호(8),2024-03,1002196
827,8,2813,강동구청,2024-03,630869
828,8,2814,몽촌토성,2024-03,417556
829,8,2815,잠실(8),2024-03,1116990
830,8,2816,석촌(8),2024-03,540100
831,8,2817,송파,2024-03,569551
832,8,2818,가락시장(8),2024-03,500997
833,8,2819,문정,2024-03,1244895
834,8,2820,장지,2024-03,988822
835,8,2821,복정(8),2024-03,548944
836,8,2822,산성,2024-03,386264
837,8,2823,남한산성입구,2024-03,827817
838,8,2824,단대오거리,2024-03,726305
839,8,2825,신흥,2024-03,328361
840,8,2826,수진,2024-03,333585
841,8,2827,모란(8),2024-03,285301
842,8,2828,남위례,2024-03,435732
843,9,4126,언주,2024-03,398195
844,9,4127,선정릉,2024-03,330009
845,9,4128,삼성중앙,2024-03,263370
846,9,4129,봉은사,2024-03,768057
847,9,4130,종합운동장(9),2024-03,177605
848,9,4131,삼전,2024-03,293180
849,9,4132,석촌고분,2024-03,271743
850,9,4133,석촌(9),2024-03,352841
851,9,4134,송파나루,2024-03,228753
852,9,4135,한성백제,2024-03,121512
853,9,4136,올림픽공원(9),2024-03,369144
854,9,4137,둔촌오륜,2024-03,50896
855,9,4138,중앙보훈병원,2024-03,400678
856,1,150,서울역(1),2024-04,3286533
857,1,151,시청(1),2024-04,1557883
858,1,152,종각,2024-04,2181467
859,1,153,종로3가(1),2024-04,1531292
860,1,154,종로5가,2024-04,1455306
861,1,155,동대문(1),2024-04,734349
862,1,156,신설동(1),2024-04,841500
863,1,157,제기동,2024-04,1041763
864,1,158,청량리,2024-04,1373275
865,1,159,동묘앞(1),2024-04,680173
866,2,201,시청(2),2024-04,1467238
867,2,202,을지로입구,2024-04,2872027
868,2,203,을지로3가(2),2024-04,1461446
869,2,204,을지로4가(2),2024-04,838808
870,2,205,동대문역사문화공원(2),2024-04,1013154
871,2,206,신당(2),2024-04,929808
872,2,207,상왕십리,2024-04,861202
873,2,208,왕십리(2),2024-04,930223
874,2,209,한양대,2024-04,846872
875,2,210,뚝섬,2024-04,1613538
876,2,211,성수,2024-04,2686253
877,2,212,건대입구(2),2024-04,2350680
878,2,213,구의,2024-04,1468193
879,2,214,강변,2024-04,1824738
880,2,215,잠실나루,2024-04,883452
881,2,216,잠실(2),2024-04,5111678
882,2,217,잠실새내,2024-04,1468125
883,2,218,종합운동장(2),2024-04,1015040
884,2,219,삼성,2024-04,3117387
885,2,220,선릉,2024-04,2979134
886,2,221,역삼,2024-04,2987318
887,2,222,강남,2024-04,4600389
888,2,223,교대(2),2024-04,1971495
889,2,224,서초,2024-04,1270584
890,2,225,방배,2024-04,1071209
891,2,226,사당(2),2024-04,2684819
892,2,227,낙성대,2024-04,1662916
893,2,228,서울대입구,2024-04,2765730
894,2,229,봉천,2024-04,1399997
895,2,230,신림,2024-04,3229211
896,2,231,신대방,2024-04,1547173
897,2,232,구로디지털단지,2024-04,3306009
898,2,233,대림(2),2024-04,1509669
899,2,234,신도림,2024-04,3051131
900,2,235,문래,2024-04,1346685
901,2,236,영등포구청(2),2024-04,1332226
902,2,237,당산,2024-04,1185375
903,2,238,합정(2),2024-04,2093644
904,2,239,홍대입구,2024-04,4483550
905,2,240,신촌,2024-04,2368693
906,2,241,이대,2024-04,1138887
907,2,242,아현,2024-04,647436
908,2,243,충정로(2),2024-04,612495
909,2,244,용답,2024-04,195328
910,2,245,신답,2024-04,106269
911,2,246,신설동(2),2024-04,237665
912,2,247,도림천,2024-04,91162
913,2,248,양천구청,2024-04,431286
914,2,249,신정네거리,2024-04,635972
915,2,250,용두,2024-04,153612
916,3,309,지축,2024-04,448397
917,3,310,구파발,2024-04,1292078
918,3,311,연신내(3),2024-04,2052975
919,3,312,불광(3),2024-04,1042471
920,3,313,녹번,2024-04,888353
921,3,314,홍제,2024-04,1111977
922,3,315,무악재,2024-04,269696
923,3,316,독립문,2024-04,495483
924,3,317,경복궁,2024-04,1646379
925,3,318,안국,2024-04,1715650
926,3,319,종로3가(3),2024-04,741634
927,3,320,을지로3가(3),2024-04,696947
928,3,322,동대입구,2024-04,790699
929,3,323,약수(3),2024-04,783833
930,3,324,금호,2024-04,470659
931,3,325,옥수,2024-04,571036
932,3,326,압구정,2024-04,1909570
933,3,327,신사,2024-04,1690961
934,3,328,잠원,2024-04,308452
935,3,329,고속터미널(3),2024-04,2941414
936,3,330,교대(3),2024-04,787858
937,3,331,남부터미널,2024-04,1747963
938,3,332,양재,2024-04,2287631
939,3,333,매봉,2024-04,740459
940,3,334,도곡,2024-04,359601
941,3,335,대치,2024-04,714412
942,3,336,학여울,2024-04,195466
943,3,337,대청,2024-04,629777
944,3,338,일원,2024-04,634659
945,3,339,수서,2024-04,1148467
946,3,340,가락시장(3),2024-04,539391
947,3,341,경찰병원,2024-04,437498
948,3,342,오금(3),2024-04,377910
949,4,409,불암산,2024-04,556585
950,4,410,상계,2024-04,1161338
951,4,411,노원(4),2024-04,1868776
952,4,412,창동,2024-04,1647492
953,4,413,쌍문,2024-04,1711948
954,4,414,수유,2024-04,2065491
955,4,415,미아,2024-04,943122
956,4,416,미아사거리,2024-04,1598230
957,4,417,길음,2024-04,1344015
958,4,418,성신여대입구,2024-04,1364096
959,4,419,한성대입구,2024-04,913020
960,4,420,혜화,2024-04,2153798
961,4,421,동대문(4),2024-04,1254392
962,4,422,동대문역사문화공원(4),2024-04,1089928
963,4,423,충무로(4),2024-04,1949579
964,4,424,명동,2024-04,2208157
965,4,425,회현,2024-04,1718739
966,4,426,서울역(4),2024-04,1028879
967,4,427,숙대입구,2024-04,926258
968,4,428,삼각지(4),2024-04,413352
969,4,429,신용산,2024-04,1181481
970,4,430,이촌,2024-04,596523
971,4,431,동작,2024-04,148720
972,4,432,이수(총신대입구),2024-04,1242210
973,4,433,사당(4),2024-04,1491347
974,4,434,남태령,2024-04,82815
975,5,2511,방화,2024-04,424215
976,5,2512,개화산,2024-04,356692
977,5,2513,김포공항(5),2024-04,517517
978,5,2514,송정,2024-04,382649
979,5,2515,마곡,2024-04,706419
980,5,2516,발산,2024-04,1365402
981,5,2517,우장산,2024-04,892927
982,5,2518,화곡,2024-04,1677008
983,5,2519,까치산(5),2024-04,1668335
984,5,2520,신정,2024-04,738849
985,5,2521,목동,2024-04,1030650
986,5,2522,오목교,2024-04,1329745
987,5,2523,양평(5),2024-04,447917
988,5,2524,영등포구청(5),2024-04,283714
989,5,2525,영등포시장,2024-04,701318
990,5,2526,신길(5),2024-04,307555
991,5,2527,여의도(5),2024-04,1716490
992,5,2528,여의나루,2024-04,1362365
993,5,2529,마포,2024-04,874563
994,5,2530,공덕(5),2024-04,883765
995,5,2531,애오개,2024-04,403659
996,5,2532,충정로(5),2024-04,274046
997,5,2533,서대문,2024-04,1159716
998,5,2534,광화문,2024-04,1959121
999,5,2535,종로3가(5),2024-04,988621
1000,5,2536,을지로4가(5),2024-04,385967
1001,5,2537,동대문역사문화공원(5),2024-04,194147
1002,5,2538,청구(5),2024-04,231813
1003,5,2539,신금호,2024-04,405539
1004,5,2540,행당,2024-04,460766
1005,5,2541,왕십리(5),2024-04,302429
1006,5,2542,마장,2024-04,356461
1007,5,2543,답십리,2024-04,953235
1008,5,2544,장한평,2024-04,1147367
1009,5,2545,군자(5),2024-04,754251
1010,5,2546,아차산,2024-04,976703
1011,5,2547,광나루,2024-04,843526
1012,5,2548,천호(5),2024-04,1172924
1013,5,2549,강동,2024-04,1069755
1014,5,2550,길동,2024-04,508847
1015,5,2551,굽은다리,2024-04,573940
1016,5,2552,명일,2024-04,558646
1017,5,2553,고덕,2024-04,634920
1018,5,2554,상일동,2024-04,864536
1019,5,2555,둔촌동,2024-04,542949
1020,5,2556,올림픽공원(5),2024-04,304184
1021,5,2557,방이,2024-04,454633
1022,5,2558,오금(5),2024-04,220999
1023,5,2559,개롱,2024-04,405505
1024,5,2560,거여,2024-04,604037
1025,5,2561,마천,2024-04,441256
1026,5,2562,강일,2024-04,358248
1027,5,2563,미사,2024-04,1096124
1028,5,2564,하남풍산,2024-04,275574
1029,5,2565,하남시청,2024-04,498772
1030,5,2566,하남검단산,2024-04,406512
1031,6,2611,응암,2024-04,1099267
1032,6,2612,역촌,2024-04,248725
1033,6,2613,불광(6),2024-04,287512
1034,6,2614,독바위,2024-04,177045
1035,6,2616,구산,2024-04,438600
1036,6,2617,새절,2024-04,789413
1037,6,2618,증산,2024-04,619167
1038,6,2619,디지털미디어시티(6),2024-04,921328
1039,6,2620,월드컵경기장,2024-04,497581
1040,6,2621,마포구청,2024-04,849023
1041,6,2622,망원,2024-04,1023526
1042,6,2623,합정(6),2024-04,866251
1043,6,2624,상수,2024-04,680363
1044,6,2625,광흥창,2024-04,551310
1045,6,2626,대흥,2024-04,609900
1046,6,2627,공덕(6),2024-04,1118853
1047,6,2628,효창공원앞,2024-04,447674
1048,6,2629,삼각지(6),2024-04,446675
1049,6,2630,녹사평,2024-04,336952
1050,6,2631,이태원,2024-04,792076
1051,6,2632,한강진,2024-04,681086
1052,6,2633,버티고개,2024-04,135091
1053,6,2634,약수(6),2024-04,218141
1054,6,2635,청구(6),2024-04,230661
1055,6,2636,신당(6),2024-04,544697
1056,6,2637,동묘앞(6),2024-04,547560
1057,6,2638,창신,2024-04,203116
1058,6,2639,보문,2024-04,476773
1059,6,2640,안암,2024-04,834970
1060,6,2641,고려대,2024-04,558587
1061,6,2642,월곡,2024-04,753178
1062,6,2643,상월곡,2024-04,403660
1063,6,2644,돌곶이,2024-04,585536
1064,6,2645,석계(6),2024-04,779465
1065,6,2646,태릉입구(6),2024-04,387432
1066,6,2647,화랑대,2024-04,692440
1067,6,2648,봉화산,2024-04,526609
1068,7,2711,장암,2024-04,130814
1069,7,2712,도봉산(7),2024-04,626211
1070,7,2713,수락산,2024-04,753568
1071,7,2714,마들,2024-04,759908
1072,7,2715,노원(7),2024-04,1539021
1073,7,2716,중계,2024-04,863904
1074,7,2717,하계,2024-04,1077594
1075,7,2718,공릉,2024-04,764021
1076,7,2719,태릉입구(7),2024-04,563339
1077,7,2720,먹골,2024-04,617055
1078,7,2721,중화,2024-04,639372
1079,7,2722,상봉(7),2024-04,1036084
1080,7,2723,면목,2024-04,930388
1081,7,2724,사가정,2024-04,990211
1082,7,2725,용마산,2024-04,358584
1083,7,2726,중곡,2024-04,634499
1084,7,2727,군자(7),2024-04,819825
1085,7,2728,어린이대공원,2024-04,1159779
1086,7,2729,건대입구(7),2024-04,852805
1087,7,2730,자양,2024-04,758284
1088,7,2731,청담,2024-04,1143834
1089,7,2732,강남구청,2024-04,976361
1090,7,2733,학동,2024-04,1364473
1091,7,2734,논현,2024-04,1076326
1092,7,2735,반포,2024-04,382134
1093,7,2736,고속터미널(7),2024-04,978153
1094,7,2737,내방,2024-04,861570
1095,7,2738,이수(7),2024-04,986184
1096,7,2739,남성,2024-04,685334
1097,7,2740,숭실대입구,2024-04,963858
1098,7,2741,상도,2024-04,745781
1099,7,2742,장승배기,2024-04,556664
1100,7,2743,신대방삼거리,2024-04,883714
1101,7,2744,보라매,2024-04,421563
1102,7,2745,신풍,2024-04,670391
1103,7,2746,대림(7),2024-04,561002
1104,7,2747,남구로,2024-04,883151
1105,7,2748,가산디지털단지(7),2024-04,2418037
1106,7,2749,철산,2024-04,1303070
1107,7,2750,광명사거리,2024-04,1230071
1108,7,2751,천왕,2024-04,680719
1109,7,2752,온수(7),2024-04,597201
1110,8,2811,암사,2024-04,1059796
1111,8,2812,천호(8),2024-04,982600
1112,8,2813,강동구청,2024-04,625571
1113,8,2814,몽촌토성,2024-04,436367
1114,8,2815,잠실(8),2024-04,1137044
1115,8,2816,석촌(8),2024-04,572922
1116,8,2817,송파,2024-04,553536
1117,8,2818,가락시장(8),2024-04,496484
1118,8,2819,문정,2024-04,1262438
1119,8,2820,장지,2024-04,982227
1120,8,2821,복정(8),2024-04,557265
1121,8,2822,산성,2024-04,393149
1122,8,2823,남한산성입구,2024-04,834406
1123,8,2824,단대오거리,2024-04,732795
1124,8,2825,신흥,2024-04,321514
1125,8,2826,수진,2024-04,328541
1126,8,2827,모란(8),2024-04,289358
1127,8,2828,남위례,2024-04,446360
1128,9,4126,언주,2024-04,396124
1129,9,4127,선정릉,2024-04,335108
1130,9,4128,삼성중앙,2024-04,262982
1131,9,4129,봉은사,2024-04,718097
1132,9,4130,종합운동장(9),2024-04,187734
1133,9,4131,삼전,2024-04,293174
1134,9,4132,석촌고분,2024-04,270343
1135,9,4133,석촌(9),2024-04,372331
1136,9,4134,송파나루,2024-04,222939
1137,9,4135,한성백제,2024-04,126114
1138,9,4136,올림픽공원(9),2024-04,306142
1139,9,4137,둔촌오륜,2024-04,51601
1140,9,4138,중앙보훈병원,2024-04,410014
1141,1,150,서울역(1),2024-05,3387163
1142,1,151,시청(1),2024-05,1601016
1143,1,152,종각,2024-05,2277608
1144,1,153,종로3가(1),2024-05,1582291
1145,1,154,종로5가,2024-05,1501255
1146,1,155,동대문(1),2024-05,751634
1147,1,156,신설동(1),2024-05,865133
1148,1,157,제기동,2024-05,1079513
1149,1,158,청량리,2024-05,1451931
1150,1,159,동묘앞(1),2024-05,719824
1151,2,201,시청(2),2024-05,1492561
1152,2,202,을지로입구,2024-05,2886952
1153,2,203,을지로3가(2),2024-05,1462829
1154,2,204,을지로4가(2),2024-05,837590
1155,2,205,동대문역사문화공원(2),2024-05,1035313
1156,2,206,신당(2),2024-05,950095
1157,2,207,상왕십리,2024-05,872263
1158,2,208,왕십리(2),2024-05,960054
1159,2,209,한양대,2024-05,854198
1160,2,210,뚝섬,2024-05,1543687
1161,2,211,성수,2024-05,2728338
1162,2,212,건대입구(2),2024-05,2442357
1163,2,213,구의,2024-05,1476069
1164,2,214,강변,2024-05,1893006
1165,2,215,잠실나루,2024-05,887095
1166,2,216,잠실(2),2024-05,4944584
1167,2,217,잠실새내,2024-05,1500228
1168,2,218,종합운동장(2),2024-05,1066323
1169,2,219,삼성,2024-05,3189655
1170,2,220,선릉,2024-05,2974938
1171,2,221,역삼,2024-05,2894239
1172,2,222,강남,2024-05,4631461
1173,2,223,교대(2),2024-05,1965054
1174,2,224,서초,2024-05,1253530
1175,2,225,방배,2024-05,1064167
1176,2,226,사당(2),2024-05,2638561
1177,2,227,낙성대,2024-05,1682553
1178,2,228,서울대입구,2024-05,2804585
1179,2,229,봉천,2024-05,1418016
1180,2,230,신림,2024-05,3283017
1181,2,231,신대방,2024-05,1547560
1182,2,232,구로디지털단지,2024-05,3314884
1183,2,233,대림(2),2024-05,1527766
1184,2,234,신도림,2024-05,3080319
1185,2,235,문래,2024-05,1344126
1186,2,236,영등포구청(2),2024-05,1332230
1187,2,237,당산,2024-05,1179718
1188,2,238,합정(2),2024-05,2106592
1189,2,239,홍대입구,2024-05,4779148
1190,2,240,신촌,2024-05,2520157
1191,2,241,이대,2024-05,1171365
1192,2,242,아현,2024-05,664443
1193,2,243,충정로(2),2024-05,608253
1194,2,244,용답,2024-05,198166
1195,2,245,신답,2024-05,103955
1196,2,246,신설동(2),2024-05,238695
1197,2,247,도림천,2024-05,79901
1198,2,248,양천구청,2024-05,433594
1199,2,249,신정네거리,2024-05,637271
1200,2,250,용두,2024-05,151040
1201,3,309,지축,2024-05,460964
1202,3,310,구파발,2024-05,1334588
1203,3,311,연신내(3),2024-05,2092115
1204,3,312,불광(3),2024-05,1079273
1205,3,313,녹번,2024-05,904187
1206,3,314,홍제,2024-05,1128540
1207,3,315,무악재,2024-05,273345
1208,3,316,독립문,2024-05,517686
1209,3,317,경복궁,2024-05,1692655
1210,3,318,안국,2024-05,1769683
1211,3,319,종로3가(3),2024-05,770725
1212,3,320,을지로3가(3),2024-05,698625
1213,3,322,동대입구,2024-05,820065
1214,3,323,약수(3),2024-05,787965
1215,3,324,금호,2024-05,477286
1216,3,325,옥수,2024-05,577785
1217,3,326,압구정,2024-05,1926566
1218,3,327,신사,2024-05,1694065
1219,3,328,잠원,2024-05,309114
1220,3,329,고속터미널(3),2024-05,3184107
1221,3,330,교대(3),2024-05,788302
1222,3,331,남부터미널,2024-05,1802898
1223,3,332,양재,2024-05,2262906
1224,3,333,매봉,2024-05,709151
1225,3,334,도곡,2024-05,352489
1226,3,335,대치,2024-05,738895
1227,3,336,학여울,2024-05,154878
1228,3,337,대청,2024-05,625378
1229,3,338,일원,2024-05,631283
1230,3,339,수서,2024-05,1165845
1231,3,340,가락시장(3),2024-05,545765
1232,3,341,경찰병원,2024-05,435650
1233,3,342,오금(3),2024-05,376510
1234,4,409,불암산,2024-05,587374
1235,4,410,상계,2024-05,1165857
1236,4,411,노원(4),2024-05,1962493
1237,4,412,창동,2024-05,1703011
1238,4,413,쌍문,2024-05,1740562
1239,4,414,수유,2024-05,2110980
1240,4,415,미아,2024-05,969714
1241,4,416,미아사거리,2024-05,1644077
1242,4,417,길음,2024-05,1371523
1243,4,418,성신여대입구,2024-05,1411562
1244,4,419,한성대입구,2024-05,953517
1245,4,420,혜화,2024-05,2327829
1246,4,421,동대문(4),2024-05,1283940
1247,4,422,동대문역사문화공원(4),2024-05,1119766
1248,4,423,충무로(4),2024-05,1930270
1249,4,424,명동,2024-05,2179488
1250,4,425,회현,2024-05,1717856
1251,4,426,서울역(4),2024-05,1036555
1252,4,427,숙대입구,2024-05,930158
1253,4,428,삼각지(4),2024-05,423115
1254,4,429,신용산,2024-05,1207558
1255,4,430,이촌,2024-05,623065
1256,4,431,동작,2024-05,145308
1257,4,432,이수(총신대입구),2024-05,1238629
1258,4,433,사당(4),2024-05,1591543
1259,4,434,남태령,2024-05,86028
1260,5,2511,방화,2024-05,431037
1261,5,2512,개화산,2024-05,360233
1262,5,2513,김포공항(5),2024-05,534886
1263,5,2514,송정,2024-05,386457
1264,5,2515,마곡,2024-05,720341
1265,5,2516,발산,2024-05,1385729
1266,5,2517,우장산,2024-05,904703
1267,5,2518,화곡,2024-05,1687673
1268,5,2519,까치산(5),2024-05,1677491
1269,5,2520,신정,2024-05,743643
1270,5,2521,목동,2024-05,1036246
1271,5,2522,오목교,2024-05,1336651
1272,5,2523,양평(5),2024-05,439953
1273,5,2524,영등포구청(5),2024-05,281133
1274,5,2525,영등포시장,2024-05,704760
1275,5,2526,신길(5),2024-05,299383
1276,5,2527,여의도(5),2024-05,1676356
1277,5,2528,여의나루,2024-05,1085325
1278,5,2529,마포,2024-05,864758
1279,5,2530,공덕(5),2024-05,865533
1280,5,2531,애오개,2024-05,403183
1281,5,2532,충정로(5),2024-05,276769
1282,5,2533,서대문,2024-05,1162933
1283,5,2534,광화문,2024-05,2043653
1284,5,2535,종로3가(5),2024-05,1037242
1285,5,2536,을지로4가(5),2024-05,386668
1286,5,2537,동대문역사문화공원(5),2024-05,192672
1287,5,2538,청구(5),2024-05,233641
1288,5,2539,신금호,2024-05,409067
1289,5,2540,행당,2024-05,466795
1290,5,2541,왕십리(5),2024-05,310924
1291,5,2542,마장,2024-05,356811
1292,5,2543,답십리,2024-05,958613
1293,5,2544,장한평,2024-05,1164650
1294,5,2545,군자(5),2024-05,773082
1295,5,2546,아차산,2024-05,985337
1296,5,2547,광나루,2024-05,847365
1297,5,2548,천호(5),2024-05,1220662
1298,5,2549,강동,2024-05,1087020
1299,5,2550,길동,2024-05,524717
1300,5,2551,굽은다리,2024-05,596136
1301,5,2552,명일,2024-05,567487
1302,5,2553,고덕,2024-05,654537
1303,5,2554,상일동,2024-05,879131
1304,5,2555,둔촌동,2024-05,553528
1305,5,2556,올림픽공원(5),2024-05,373782
1306,5,2557,방이,2024-05,457413
1307,5,2558,오금(5),2024-05,220720
1308,5,2559,개롱,2024-05,408656
1309,5,2560,거여,2024-05,612360
1310,5,2561,마천,2024-05,445889
1311,5,2562,강일,2024-05,367996
1312,5,2563,미사,2024-05,1124839
1313,5,2564,하남풍산,2024-05,276308
1314,5,2565,하남시청,2024-05,518581
1315,5,2566,하남검단산,2024-05,425637
1316,6,2611,응암,2024-05,1081556
1317,6,2612,역촌,2024-05,256442
1318,6,2613,불광(6),2024-05,288199
1319,6,2614,독바위,2024-05,177407
1320,6,2616,구산,2024-05,443950
1321,6,2617,새절,2024-05,779769
1322,6,2618,증산,2024-05,616688
1323,6,2619,디지털미디어시티(6),2024-05,924749
1324,6,2620,월드컵경기장,2024-05,546445
1325,6,2621,마포구청,2024-05,859820
1326,6,2622,망원,2024-05,1037319
1327,6,2623,합정(6),2024-05,861055
1328,6,2624,상수,2024-05,712298
1329,6,2625,광흥창,2024-05,553427
1330,6,2626,대흥,2024-05,616430
1331,6,2627,공덕(6),2024-05,1111046
1332,6,2628,효창공원앞,2024-05,450691
1333,6,2629,삼각지(6),2024-05,469762
1334,6,2630,녹사평,2024-05,352160
1335,6,2631,이태원,2024-05,797110
1336,6,2632,한강진,2024-05,685050
1337,6,2633,버티고개,2024-05,133892
1338,6,2634,약수(6),2024-05,222864
1339,6,2635,청구(6),2024-05,235832
1340,6,2636,신당(6),2024-05,548054
1341,6,2637,동묘앞(6),2024-05,565514
1342,6,2638,창신,2024-05,207022
1343,6,2639,보문,2024-05,490512
1344,6,2640,안암,2024-05,888847
1345,6,2641,고려대,2024-05,578040
1346,6,2642,월곡,2024-05,760368
1347,6,2643,상월곡,2024-05,410921
1348,6,2644,돌곶이,2024-05,605944
1349,6,2645,석계(6),2024-05,801190
1350,6,2646,태릉입구(6),2024-05,503722
1351,6,2647,화랑대,2024-05,717985
1352,6,2648,봉화산,2024-05,534487
1353,7,2711,장암,2024-05,132890
1354,7,2712,도봉산(7),2024-05,649696
1355,7,2713,수락산,2024-05,772183
1356,7,2714,마들,2024-05,780572
1357,7,2715,노원(7),2024-05,1620847
1358,7,2716,중계,2024-05,888235
1359,7,2717,하계,2024-05,1097553
1360,7,2718,공릉,2024-05,791890
1361,7,2719,태릉입구(7),2024-05,721088
1362,7,2720,먹골,2024-05,657635
1363,7,2721,중화,2024-05,678250
1364,7,2722,상봉(7),2024-05,1060437
1365,7,2723,면목,2024-05,937668
1366,7,2724,사가정,2024-05,1006789
1367,7,2725,용마산,2024-05,366230
1368,7,2726,중곡,2024-05,643669
1369,7,2727,군자(7),2024-05,833668
1370,7,2728,어린이대공원,2024-05,1183890
1371,7,2729,건대입구(7),2024-05,890368
1372,7,2730,자양,2024-05,878464
1373,7,2731,청담,2024-05,1146930
1374,7,2732,강남구청,2024-05,980082
1375,7,2733,학동,2024-05,1338054
1376,7,2734,논현,2024-05,1081346
1377,7,2735,반포,2024-05,395557
1378,7,2736,고속터미널(7),2024-05,1020033
1379,7,2737,내방,2024-05,873019
1380,7,2738,이수(7),2024-05,998127
1381,7,2739,남성,2024-05,693267
1382,7,2740,숭실대입구,2024-05,971931
1383,7,2741,상도,2024-05,764517
1384,7,2742,장승배기,2024-05,560244
1385,7,2743,신대방삼거리,2024-05,890453
1386,7,2744,보라매,2024-05,431233
1387,7,2745,신풍,2024-05,675583
1388,7,2746,대림(7),2024-05,583975
1389,7,2747,남구로,2024-05,878057
1390,7,2748,가산디지털단지(7),2024-05,2355671
1391,7,2749,철산,2024-05,1318000
1392,7,2750,광명사거리,2024-05,1241976
1393,7,2751,천왕,2024-05,685470
1394,7,2752,온수(7),2024-05,592832
1395,8,2811,암사,2024-05,1067846
1396,8,2812,천호(8),2024-05,1001878
1397,8,2813,강동구청,2024-05,632816
1398,8,2814,몽촌토성,2024-05,450945
1399,8,2815,잠실(8),2024-05,1115572
1400,8,2816,석촌(8),2024-05,531965
1401,8,2817,송파,2024-05,565847
1402,8,2818,가락시장(8),2024-05,500809
1403,8,2819,문정,2024-05,1240761
1404,8,2820,장지,2024-05,1000184
1405,8,2821,복정(8),2024-05,552596
1406,8,2822,산성,2024-05,393005
1407,8,2823,남한산성입구,2024-05,831731
1408,8,2824,단대오거리,2024-05,737257
1409,8,2825,신흥,2024-05,327564
1410,8,2826,수진,2024-05,332460
1411,8,2827,모란(8),2024-05,302887
1412,8,2828,남위례,2024-05,451214
1413,9,4126,언주,2024-05,387964
1414,9,4127,선정릉,2024-05,333898
1415,9,4128,삼성중앙,2024-05,261286
1416,9,4129,봉은사,2024-05,781125
1417,9,4130,종합운동장(9),2024-05,187647
1418,9,4131,삼전,2024-05,297661
1419,9,4132,석촌고분,2024-05,266609
1420,9,4133,석촌(9),2024-05,358026
1421,9,4134,송파나루,2024-05,223221
1422,9,4135,한성백제,2024-05,128867
1423,9,4136,올림픽공원(9),2024-05,335381
1424,9,4137,둔촌오륜,2024-05,51452
1425,9,4138,중앙보훈병원,2024-05,411354
1426,1,150,서울역(1),2024-06,3125721
1427,1,151,시청(1),2024-06,1452871
1428,1,152,종각,2024-06,2116818
1429,1,153,종로3가(1),2024-06,1458270
1430,1,154,종로5가,2024-06,1366901
1431,1,155,동대문(1),2024-06,720973
1432,1,156,신설동(1),2024-06,812767
1433,1,157,제기동,2024-06,997217
1434,1,158,청량리,2024-06,1360068
1435,1,159,동묘앞(1),2024-06,648101
1436,2,201,시청(2),2024-06,1378532
1437,2,202,을지로입구,2024-06,2787154
1438,2,203,을지로3가(2),2024-06,1373991
1439,2,204,을지로4가(2),2024-06,787681
1440,2,205,동대문역사문화공원(2),2024-06,990785
1441,2,206,신당(2),2024-06,878743
1442,2,207,상왕십리,2024-06,816094
1443,2,208,왕십리(2),2024-06,880990
1444,2,209,한양대,2024-06,663050
1445,2,210,뚝섬,2024-06,1458260
1446,2,211,성수,2024-06,2555429
1447,2,212,건대입구(2),2024-06,2242803
1448,2,213,구의,2024-06,1392516
1449,2,214,강변,2024-06,1760420
1450,2,215,잠실나루,2024-06,825264
1451,2,216,잠실(2),2024-06,4592601
1452,2,217,잠실새내,2024-06,1383234
1453,2,218,종합운동장(2),2024-06,1131030
1454,2,219,삼성,2024-06,3067900
1455,2,220,선릉,2024-06,2842670
1456,2,221,역삼,2024-06,2756465
1457,2,222,강남,2024-06,4392215
1458,2,223,교대(2),2024-06,1858758
1459,2,224,서초,2024-06,1217055
1460,2,225,방배,2024-06,967420
1461,2,226,사당(2),2024-06,2508598
1462,2,227,낙성대,2024-06,1578464
1463,2,228,서울대입구,2024-06,2616190
1464,2,229,봉천,2024-06,1346120
1465,2,230,신림,2024-06,3125772
1466,2,231,신대방,2024-06,1454750
1467,2,232,구로디지털단지,2024-06,3135663
1468,2,233,대림(2),2024-06,1444112
1469,2,234,신도림,2024-06,2952441
1470,2,235,문래,2024-06,1277384
1471,2,236,영등포구청(2),2024-06,1244098
1472,2,237,당산,2024-06,1095012
1473,2,238,합정(2),2024-06,1993437
1474,2,239,홍대입구,2024-06,4461248
1475,2,240,신촌,2024-06,2244641
1476,2,241,이대,2024-06,995649
1477,2,242,아현,2024-06,614609
1478,2,243,충정로(2),2024-06,577958
1479,2,244,용답,2024-06,181108
1480,2,245,신답,2024-06,98723
1481,2,246,신설동(2),2024-06,225411
1482,2,247,도림천,2024-06,77203
1483,2,248,양천구청,2024-06,404464
1484,2,249,신정네거리,2024-06,594273
1485,2,250,용두,2024-06,148286
1486,3,309,지축,2024-06,435932
1487,3,310,구파발,2024-06,1247389
1488,3,311,연신내(3),2024-06,1945718
1489,3,312,불광(3),2024-06,1008531
1490,3,313,녹번,2024-06,833914
1491,3,314,홍제,2024-06,1027090
1492,3,315,무악재,2024-06,254227
1493,3,316,독립문,2024-06,471314
1494,3,317,경복궁,2024-06,1464852
1495,3,318,안국,2024-06,1590932
1496,3,319,종로3가(3),2024-06,701314
1497,3,320,을지로3가(3),2024-06,646058
1498,3,322,동대입구,2024-06,641987
1499,3,323,약수(3),2024-06,738556
1500,3,324,금호,2024-06,446344
1501,3,325,옥수,2024-06,539271
1502,3,326,압구정,2024-06,1823657
1503,3,327,신사,2024-06,1609981
1504,3,328,잠원,2024-06,290150
1505,3,329,고속터미널(3),2024-06,2968598
1506,3,330,교대(3),2024-06,736985
1507,3,331,남부터미널,2024-06,1709403
1508,3,332,양재,2024-06,2117564
1509,3,333,매봉,2024-06,673504
1510,3,334,도곡,2024-06,331584
1511,3,335,대치,2024-06,693728
1512,3,336,학여울,2024-06,145678
1513,3,337,대청,2024-06,592156
1514,3,338,일원,2024-06,596063
1515,3,339,수서,2024-06,1096994
1516,3,340,가락시장(3),2024-06,514678
1517,3,341,경찰병원,2024-06,417564
1518,3,342,오금(3),2024-06,354860
1519,4,409,불암산,2024-06,540911
1520,4,410,상계,2024-06,1081681
1521,4,411,노원(4),2024-06,1786195
1522,4,412,창동,2024-06,1585721
1523,4,413,쌍문,2024-06,1619722
1524,4,414,수유,2024-06,1958019
1525,4,415,미아,2024-06,883744
1526,4,416,미아사거리,2024-06,1537848
1527,4,417,길음,2024-06,1233435
1528,4,418,성신여대입구,2024-06,1274230
1529,4,419,한성대입구,2024-06,823540
1530,4,420,혜화,2024-06,2063546
1531,4,421,동대문(4),2024-06,1177081
1532,4,422,동대문역사문화공원(4),2024-06,1070210
1533,4,423,충무로(4),2024-06,1716481
1534,4,424,명동,2024-06,2082638
1535,4,425,회현,2024-06,1604116
1536,4,426,서울역(4),2024-06,1005497
1537,4,427,숙대입구,2024-06,860186
1538,4,428,삼각지(4),2024-06,407288
1539,4,429,신용산,2024-06,1178838
1540,4,430,이촌,2024-06,556774
1541,4,431,동작,2024-06,137007
1542,4,432,이수(총신대입구),2024-06,1173088
1543,4,433,사당(4),2024-06,1493077
1544,4,434,남태령,2024-06,79144
1545,5,2511,방화,2024-06,400571
1546,5,2512,개화산,2024-06,341733
1547,5,2513,김포공항(5),2024-06,531221
1548,5,2514,송정,2024-06,365066
1549,5,2515,마곡,2024-06,669823
1550,5,2516,발산,2024-06,1297134
1551,5,2517,우장산,2024-06,842492
1552,5,2518,화곡,2024-06,1572709
1553,5,2519,까치산(5),2024-06,1568097
1554,5,2520,신정,2024-06,695247
1555,5,2521,목동,2024-06,968542
1556,5,2522,오목교,2024-06,1238144
1557,5,2523,양평(5),2024-06,412514
1558,5,2524,영등포구청(5),2024-06,264170
1559,5,2525,영등포시장,2024-06,674811
1560,5,2526,신길(5),2024-06,283678
1561,5,2527,여의도(5),2024-06,1611501
1562,5,2528,여의나루,2024-06,939757
1563,5,2529,마포,2024-06,812015
1564,5,2530,공덕(5),2024-06,812228
1565,5,2531,애오개,2024-06,379126
1566,5,2532,충정로(5),2024-06,254832
1567,5,2533,서대문,2024-06,1063897
1568,5,2534,광화문,2024-06,1865664
1569,5,2535,종로3가(5),2024-06,954549
1570,5,2536,을지로4가(5),2024-06,357753
1571,5,2537,동대문역사문화공원(5),2024-06,180375
1572,5,2538,청구(5),2024-06,217481
1573,5,2539,신금호,2024-06,381704
1574,5,2540,행당,2024-06,435412
1575,5,2541,왕십리(5),2024-06,291519
1576,5,2542,마장,2024-06,328908
1577,5,2543,답십리,2024-06,901175
1578,5,2544,장한평,2024-06,1091430
1579,5,2545,군자(5),2024-06,706299
1580,5,2546,아차산,2024-06,884995
1581,5,2547,광나루,2024-06,777923
1582,5,2548,천호(5),2024-06,1145089
1583,5,2549,강동,2024-06,1022174
1584,5,2550,길동,2024-06,488483
1585,5,2551,굽은다리,2024-06,562179
1586,5,2552,명일,2024-06,524353
1587,5,2553,고덕,2024-06,602186
1588,5,2554,상일동,2024-06,813405
1589,5,2555,둔촌동,2024-06,520142
1590,5,2556,올림픽공원(5),2024-06,363613
1591,5,2557,방이,2024-06,431654
1592,5,2558,오금(5),2024-06,205619
1593,5,2559,개롱,2024-06,382935
1594,5,2560,거여,2024-06,568398
1595,5,2561,마천,2024-06,415205
1596,5,2562,강일,2024-06,337697
1597,5,2563,미사,2024-06,1043540
1598,5,2564,하남풍산,2024-06,262154
1599,5,2565,하남시청,2024-06,486194
1600,5,2566,하남검단산,2024-06,392499
1601,6,2611,응암,2024-06,1015282
1602,6,2612,역촌,2024-06,240484
1603,6,2613,불광(6),2024-06,275172
1604,6,2614,독바위,2024-06,168148
1605,6,2616,구산,2024-06,422835
1606,6,2617,새절,2024-06,714370
1607,6,2618,증산,2024-06,569267
1608,6,2619,디지털미디어시티(6),2024-06,852349
1609,6,2620,월드컵경기장,2024-06,431086
1610,6,2621,마포구청,2024-06,795853
1611,6,2622,망원,2024-06,949858
1612,6,2623,합정(6),2024-06,803248
1613,6,2624,상수,2024-06,645651
1614,6,2625,광흥창,2024-06,523663
1615,6,2626,대흥,2024-06,550366
1616,6,2627,공덕(6),2024-06,1043776
1617,6,2628,효창공원앞,2024-06,406347
1618,6,2629,삼각지(6),2024-06,446592
1619,6,2630,녹사평,2024-06,331145
1620,6,2631,이태원,2024-06,756814
1621,6,2632,한강진,2024-06,676480
1622,6,2633,버티고개,2024-06,126198
1623,6,2634,약수(6),2024-06,215320
1624,6,2635,청구(6),2024-06,219704
1625,6,2636,신당(6),2024-06,504293
1626,6,2637,동묘앞(6),2024-06,520040
1627,6,2638,창신,2024-06,188533
1628,6,2639,보문,2024-06,443327
1629,6,2640,안암,2024-06,714061
1630,6,2641,고려대,2024-06,497952
1631,6,2642,월곡,2024-06,675722
1632,6,2643,상월곡,2024-06,367973
1633,6,2644,돌곶이,2024-06,562666
1634,6,2645,석계(6),2024-06,726239
1635,6,2646,태릉입구(6),2024-06,360130
1636,6,2647,화랑대,2024-06,618172
1637,6,2648,봉화산,2024-06,496017
1638,7,2711,장암,2024-06,122420
1639,7,2712,도봉산(7),2024-06,587916
1640,7,2713,수락산,2024-06,727769
1641,7,2714,마들,2024-06,726779
1642,7,2715,노원(7),2024-06,1472412
1643,7,2716,중계,2024-06,815788
1644,7,2717,하계,2024-06,1000358
1645,7,2718,공릉,2024-06,693061
1646,7,2719,태릉입구(7),2024-06,526668
1647,7,2720,먹골,2024-06,586837
1648,7,2721,중화,2024-06,601282
1649,7,2722,상봉(7),2024-06,994823
1650,7,2723,면목,2024-06,856538
1651,7,2724,사가정,2024-06,928196
1652,7,2725,용마산,2024-06,349827
1653,7,2726,중곡,2024-06,601348
1654,7,2727,군자(7),2024-06,796950
1655,7,2728,어린이대공원,2024-06,975059
1656,7,2729,건대입구(7),2024-06,817125
1657,7,2730,자양,2024-06,760736
1658,7,2731,청담,2024-06,1071622
1659,7,2732,강남구청,2024-06,919649
1660,7,2733,학동,2024-06,1263606
1661,7,2734,논현,2024-06,1015879
1662,7,2735,반포,2024-06,366038
1663,7,2736,고속터미널(7),2024-06,949279
1664,7,2737,내방,2024-06,812364
1665,7,2738,이수(7),2024-06,944367
1666,7,2739,남성,2024-06,649899
1667,7,2740,숭실대입구,2024-06,799297
1668,7,2741,상도,2024-06,686658
1669,7,2742,장승배기,2024-06,519904
1670,7,2743,신대방삼거리,2024-06,836662
1671,7,2744,보라매,2024-06,394700
1672,7,2745,신풍,2024-06,637578
1673,7,2746,대림(7),2024-06,559103
1674,7,2747,남구로,2024-06,820349
1675,7,2748,가산디지털단지(7),2024-06,2209408
1676,7,2749,철산,2024-06,1228834
1677,7,2750,광명사거리,2024-06,1158945
1678,7,2751,천왕,2024-06,637694
1679,7,2752,온수(7),2024-06,543144
1680,8,2811,암사,2024-06,1004693
1681,8,2812,천호(8),2024-06,940439
1682,8,2813,강동구청,2024-06,589401
1683,8,2814,몽촌토성,2024-06,403278
1684,8,2815,잠실(8),2024-06,1047046
1685,8,2816,석촌(8),2024-06,506027
1686,8,2817,송파,2024-06,532442
1687,8,2818,가락시장(8),2024-06,466871
1688,8,2819,문정,2024-06,1162696
1689,8,2820,장지,2024-06,940855
1690,8,2821,복정(8),2024-06,512665
1691,8,2822,산성,2024-06,376938
1692,8,2823,남한산성입구,2024-06,747282
1693,8,2824,단대오거리,2024-06,679349
1694,8,2825,신흥,2024-06,305056
1695,8,2826,수진,2024-06,316392
1696,8,2827,모란(8),2024-06,280739
1697,8,2828,남위례,2024-06,419095
1698,9,4126,언주,2024-06,373372
1699,9,4127,선정릉,2024-06,315607
1700,9,4128,삼성중앙,2024-06,249908
1701,9,4129,봉은사,2024-06,727652
1702,9,4130,종합운동장(9),2024-06,184257
1703,9,4131,삼전,2024-06,281351
1704,9,4132,석촌고분,2024-06,251412
1705,9,4133,석촌(9),2024-06,342828
1706,9,4134,송파나루,2024-06,210314
1707,9,4135,한성백제,2024-06,118308
1708,9,4136,올림픽공원(9),2024-06,289994
1709,9,4137,둔촌오륜,2024-06,49792
1710,9,4138,중앙보훈병원,2024-06,390928
1711,1,150,서울역(1),2024-07,3233890
1712,1,151,시청(1),2024-07,1493692
1713,1,152,종각,2024-07,2281088
1714,1,153,종로3가(1),2024-07,1460986
1715,1,154,종로5가,2024-07,1386945
1716,1,155,동대문(1),2024-07,707983
1717,1,156,신설동(1),2024-07,842039
1718,1,157,제기동,2024-07,987941
1719,1,158,청량리,2024-07,1348113
1720,1,159,동묘앞(1),2024-07,595875
1721,2,201,시청(2),2024-07,1523140
1722,2,202,을지로입구,2024-07,2962373
1723,2,203,을지로3가(2),2024-07,1497405
1724,2,204,을지로4가(2),2024-07,842909
1725,2,205,동대문역사문화공원(2),2024-07,1029510
1726,2,206,신당(2),2024-07,913217
1727,2,207,상왕십리,2024-07,866509
1728,2,208,왕십리(2),2024-07,901917
1729,2,209,한양대,2024-07,526275
1730,2,210,뚝섬,2024-07,1502529
1731,2,211,성수,2024-07,2732880
1732,2,212,건대입구(2),2024-07,2219780
1733,2,213,구의,2024-07,1473114
1734,2,214,강변,2024-07,1797535
1735,2,215,잠실나루,2024-07,885424
1736,2,216,잠실(2),2024-07,4893965
1737,2,217,잠실새내,2024-07,1447686
1738,2,218,종합운동장(2),2024-07,973347
1739,2,219,삼성,2024-07,3409348
1740,2,220,선릉,2024-07,3193040
1741,2,221,역삼,2024-07,3196800
1742,2,222,강남,2024-07,4901155
1743,2,223,교대(2),2024-07,2009249
1744,2,224,서초,2024-07,1282284
1745,2,225,방배,2024-07,922847
1746,2,226,사당(2),2024-07,2574249
1747,2,227,낙성대,2024-07,1654702
1748,2,228,서울대입구,2024-07,2741979
1749,2,229,봉천,2024-07,1423776
1750,2,230,신림,2024-07,3271703
1751,2,231,신대방,2024-07,1504956
1752,2,232,구로디지털단지,2024-07,3377742
1753,2,233,대림(2),2024-07,1480198
1754,2,234,신도림,2024-07,3046600
1755,2,235,문래,2024-07,1385191
1756,2,236,영등포구청(2),2024-07,1337671
1757,2,237,당산,2024-07,1132998
1758,2,238,합정(2),2024-07,2076886
1759,2,239,홍대입구,2024-07,4680224
1760,2,240,신촌,2024-07,2309341
1761,2,241,이대,2024-07,961970
1762,2,242,아현,2024-07,637260
1763,2,243,충정로(2),2024-07,622275
1764,2,244,용답,2024-07,180784
1765,2,245,신답,2024-07,104997
1766,2,246,신설동(2),2024-07,225893
1767,2,247,도림천,2024-07,85166
1768,2,248,양천구청,2024-07,422955
1769,2,249,신정네거리,2024-07,619417
1770,2,250,용두,2024-07,155045
1771,3,309,지축,2024-07,457699
1772,3,310,구파발,2024-07,1314408
1773,3,311,연신내(3),2024-07,2013502
1774,3,312,불광(3),2024-07,1039337
1775,3,313,녹번,2024-07,868731
1776,3,314,홍제,2024-07,1040625
1777,3,315,무악재,2024-07,266455
1778,3,316,독립문,2024-07,457215
1779,3,317,경복궁,2024-07,1405824
1780,3,318,안국,2024-07,1586227
1781,3,319,종로3가(3),2024-07,721063
1782,3,320,을지로3가(3),2024-07,695657
1783,3,322,동대입구,2024-07,610031
1784,3,323,약수(3),2024-07,773413
1785,3,324,금호,2024-07,470507
1786,3,325,옥수,2024-07,550307
1787,3,326,압구정,2024-07,1977614
1788,3,327,신사,2024-07,1711974
1789,3,328,잠원,2024-07,303269
1790,3,329,고속터미널(3),2024-07,2979237
1791,3,330,교대(3),2024-07,796364
1792,3,331,남부터미널,2024-07,1792504
1793,3,332,양재,2024-07,2251368
1794,3,333,매봉,2024-07,739027
1795,3,334,도곡,2024-07,346131
1796,3,335,대치,2024-07,759257
1797,3,336,학여울,2024-07,137397
1798,3,337,대청,2024-07,626180
1799,3,338,일원,2024-07,637965
1800,3,339,수서,2024-07,1135984
1801,3,340,가락시장(3),2024-07,531994
1802,3,341,경찰병원,2024-07,458517
1803,3,342,오금(3),2024-07,374948
1804,4,409,불암산,2024-07,557262
1805,4,410,상계,2024-07,1120337
1806,4,411,노원(4),2024-07,1836427
1807,4,412,창동,2024-07,1634621
1808,4,413,쌍문,2024-07,1693029
1809,4,414,수유,2024-07,2013302
1810,4,415,미아,2024-07,896664
1811,4,416,미아사거리,2024-07,1597019
1812,4,417,길음,2024-07,1238457
1813,4,418,성신여대입구,2024-07,1257108
1814,4,419,한성대입구,2024-07,783785
1815,4,420,혜화,2024-07,2145138
1816,4,421,동대문(4),2024-07,1226859
1817,4,422,동대문역사문화공원(4),2024-07,1127172
1818,4,423,충무로(4),2024-07,1757644
1819,4,424,명동,2024-07,2057675
1820,4,425,회현,2024-07,1624236
1821,4,426,서울역(4),2024-07,1059998
1822,4,427,숙대입구,2024-07,851210
1823,4,428,삼각지(4),2024-07,420412
1824,4,429,신용산,2024-07,1275886
1825,4,430,이촌,2024-07,588828
1826,4,431,동작,2024-07,117450
1827,4,432,이수(총신대입구),2024-07,1206571
1828,4,433,사당(4),2024-07,1488019
1829,4,434,남태령,2024-07,79546
1830,5,2511,방화,2024-07,420058
1831,5,2512,개화산,2024-07,360373
1832,5,2513,김포공항(5),2024-07,596175
1833,5,2514,송정,2024-07,375940
1834,5,2515,마곡,2024-07,728691
1835,5,2516,발산,2024-07,1364214
1836,5,2517,우장산,2024-07,871676
1837,5,2518,화곡,2024-07,1634815
1838,5,2519,까치산(5),2024-07,1629563
1839,5,2520,신정,2024-07,734074
1840,5,2521,목동,2024-07,1018682
1841,5,2522,오목교,2024-07,1307413
1842,5,2523,양평(5),2024-07,451864
1843,5,2524,영등포구청(5),2024-07,287873
1844,5,2525,영등포시장,2024-07,694213
1845,5,2526,신길(5),2024-07,303347
1846,5,2527,여의도(5),2024-07,1763955
1847,5,2528,여의나루,2024-07,806381
1848,5,2529,마포,2024-07,878060
1849,5,2530,공덕(5),2024-07,878013
1850,5,2531,애오개,2024-07,406844
1851,5,2532,충정로(5),2024-07,278397
1852,5,2533,서대문,2024-07,1165298
1853,5,2534,광화문,2024-07,1978682
1854,5,2535,종로3가(5),2024-07,922874
1855,5,2536,을지로4가(5),2024-07,378072
1856,5,2537,동대문역사문화공원(5),2024-07,201225
1857,5,2538,청구(5),2024-07,226684
1858,5,2539,신금호,2024-07,397964
1859,5,2540,행당,2024-07,457715
1860,5,2541,왕십리(5),2024-07,305157
1861,5,2542,마장,2024-07,335698
1862,5,2543,답십리,2024-07,949933
1863,5,2544,장한평,2024-07,1162654
1864,5,2545,군자(5),2024-07,721743
1865,5,2546,아차산,2024-07,862167
1866,5,2547,광나루,2024-07,781975
1867,5,2548,천호(5),2024-07,1179928
1868,5,2549,강동,2024-07,1092503
1869,5,2550,길동,2024-07,511305
1870,5,2551,굽은다리,2024-07,594950
1871,5,2552,명일,2024-07,541200
1872,5,2553,고덕,2024-07,642416
1873,5,2554,상일동,2024-07,868467
1874,5,2555,둔촌동,2024-07,542269
1875,5,2556,올림픽공원(5),2024-07,341583
1876,5,2557,방이,2024-07,451276
1877,5,2558,오금(5),2024-07,220519
1878,5,2559,개롱,2024-07,404354
1879,5,2560,거여,2024-07,593394
1880,5,2561,마천,2024-07,428362
1881,5,2562,강일,2024-07,350817
1882,5,2563,미사,2024-07,1090896
1883,5,2564,하남풍산,2024-07,273865
1884,5,2565,하남시청,2024-07,493243
1885,5,2566,하남검단산,2024-07,401512
1886,6,2611,응암,2024-07,1049507
1887,6,2612,역촌,2024-07,248031
1888,6,2613,불광(6),2024-07,291866
1889,6,2614,독바위,2024-07,176385
1890,6,2616,구산,2024-07,442681
1891,6,2617,새절,2024-07,736329
1892,6,2618,증산,2024-07,584981
1893,6,2619,디지털미디어시티(6),2024-07,913474
1894,6,2620,월드컵경기장,2024-07,397099
1895,6,2621,마포구청,2024-07,838951
1896,6,2622,망원,2024-07,957426
1897,6,2623,합정(6),2024-07,832215
1898,6,2624,상수,2024-07,643561
1899,6,2625,광흥창,2024-07,554296
1900,6,2626,대흥,2024-07,546767
1901,6,2627,공덕(6),2024-07,1118757
1902,6,2628,효창공원앞,2024-07,408847
1903,6,2629,삼각지(6),2024-07,432875
1904,6,2630,녹사평,2024-07,318477
1905,6,2631,이태원,2024-07,717388
1906,6,2632,한강진,2024-07,672960
1907,6,2633,버티고개,2024-07,130674
1908,6,2634,약수(6),2024-07,223427
1909,6,2635,청구(6),2024-07,232851
1910,6,2636,신당(6),2024-07,533154
1911,6,2637,동묘앞(6),2024-07,516987
1912,6,2638,창신,2024-07,189612
1913,6,2639,보문,2024-07,456927
1914,6,2640,안암,2024-07,660155
1915,6,2641,고려대,2024-07,484055
1916,6,2642,월곡,2024-07,681669
1917,6,2643,상월곡,2024-07,364585
1918,6,2644,돌곶이,2024-07,588759
1919,6,2645,석계(6),2024-07,750912
1920,6,2646,태릉입구(6),2024-07,355391
1921,6,2647,화랑대,2024-07,614844
1922,6,2648,봉화산,2024-07,523281
1923,7,2711,장암,2024-07,126540
1924,7,2712,도봉산(7),2024-07,581030
1925,7,2713,수락산,2024-07,752707
1926,7,2714,마들,2024-07,763838
1927,7,2715,노원(7),2024-07,1515083
1928,7,2716,중계,2024-07,839274
1929,7,2717,하계,2024-07,1036947
1930,7,2718,공릉,2024-07,711052
1931,7,2719,태릉입구(7),2024-07,512484
1932,7,2720,먹골,2024-07,611994
1933,7,2721,중화,2024-07,620259
1934,7,2722,상봉(7),2024-07,1035646
1935,7,2723,면목,2024-07,866709
1936,7,2724,사가정,2024-07,959988
1937,7,2725,용마산,2024-07,339680
1938,7,2726,중곡,2024-07,635266
1939,7,2727,군자(7),2024-07,831967
1940,7,2728,어린이대공원,2024-07,821957
1941,7,2729,건대입구(7),2024-07,810384
1942,7,2730,자양,2024-07,549381
1943,7,2731,청담,2024-07,1146039
1944,7,2732,강남구청,2024-07,992681
1945,7,2733,학동,2024-07,1406837
1946,7,2734,논현,2024-07,1107713
1947,7,2735,반포,2024-07,378975
1948,7,2736,고속터미널(7),2024-07,963331
1949,7,2737,내방,2024-07,871758
1950,7,2738,이수(7),2024-07,992914
1951,7,2739,남성,2024-07,667982
1952,7,2740,숭실대입구,2024-07,732385
1953,7,2741,상도,2024-07,666084
1954,7,2742,장승배기,2024-07,550592
1955,7,2743,신대방삼거리,2024-07,874772
1956,7,2744,보라매,2024-07,408981
1957,7,2745,신풍,2024-07,666135
1958,7,2746,대림(7),2024-07,573048
1959,7,2747,남구로,2024-07,887360
1960,7,2748,가산디지털단지(7),2024-07,2522785
1961,7,2749,철산,2024-07,1290810
1962,7,2750,광명사거리,2024-07,1195074
1963,7,2751,천왕,2024-07,679707
1964,7,2752,온수(7),2024-07,540165
1965,8,2811,암사,2024-07,1068601
1966,8,2812,천호(8),2024-07,989849
1967,8,2813,강동구청,2024-07,628392
1968,8,2814,몽촌토성,2024-07,411123
1969,8,2815,잠실(8),2024-07,1114534
1970,8,2816,석촌(8),2024-07,531756
1971,8,2817,송파,2024-07,571844
1972,8,2818,가락시장(8),2024-07,486435
1973,8,2819,문정,2024-07,1302026
1974,8,2820,장지,2024-07,997043
1975,8,2821,복정(8),2024-07,512979
1976,8,2822,산성,2024-07,381466
1977,8,2823,남한산성입구,2024-07,724696
1978,8,2824,단대오거리,2024-07,691457
1979,8,2825,신흥,2024-07,320521
1980,8,2826,수진,2024-07,326545
1981,8,2827,모란(8),2024-07,280293
1982,8,2828,남위례,2024-07,433690
1983,9,4126,언주,2024-07,418087
1984,9,4127,선정릉,2024-07,346005
1985,9,4128,삼성중앙,2024-07,279807
1986,9,4129,봉은사,2024-07,793515
1987,9,4130,종합운동장(9),2024-07,188794
1988,9,4131,삼전,2024-07,302974
1989,9,4132,석촌고분,2024-07,273213
1990,9,4133,석촌(9),2024-07,359825
1991,9,4134,송파나루,2024-07,229802
1992,9,4135,한성백제,2024-07,121915
1993,9,4136,올림픽공원(9),2024-07,257937
1994,9,4137,둔촌오륜,2024-07,52816
1995,9,4138,중앙보훈병원,2024-07,426854
1996,1,150,서울역(1),2024-08,3128207
1997,1,151,시청(1),2024-08,1415243
1998,1,152,종각,2024-08,2131941
1999,1,153,종로3가(1),2024-08,1354430
2000,1,154,종로5가,2024-08,1314898
2001,1,155,동대문(1),2024-08,671822
2002,1,156,신설동(1),2024-08,793061
2003,1,157,제기동,2024-08,952169
2004,1,158,청량리,2024-08,1308052
2005,1,159,동묘앞(1),2024-08,569731
2006,2,201,시청(2),2024-08,1398931
2007,2,202,을지로입구,2024-08,2810436
2008,2,203,을지로3가(2),2024-08,1386354
2009,2,204,을지로4가(2),2024-08,790055
2010,2,205,동대문역사문화공원(2),2024-08,967339
2011,2,206,신당(2),2024-08,862094
2012,2,207,상왕십리,2024-08,803687
2013,2,208,왕십리(2),2024-08,851680
2014,2,209,한양대,2024-08,436144
2015,2,210,뚝섬,2024-08,1409662
2016,2,211,성수,2024-08,2555879
2017,2,212,건대입구(2),2024-08,2114901
2018,2,213,구의,2024-08,1388272
2019,2,214,강변,2024-08,1672237
2020,2,215,잠실나루,2024-08,798660
2021,2,216,잠실(2),2024-08,4735571
2022,2,217,잠실새내,2024-08,1371416
2023,2,218,종합운동장(2),2024-08,1057209
2024,2,219,삼성,2024-08,3179011
2025,2,220,선릉,2024-08,2931053
2026,2,221,역삼,2024-08,2912978
2027,2,222,강남,2024-08,4575269
2028,2,223,교대(2),2024-08,1819203
2029,2,224,서초,2024-08,1183531
2030,2,225,방배,2024-08,855124
2031,2,226,사당(2),2024-08,2425614
2032,2,227,낙성대,2024-08,1550898
2033,2,228,서울대입구,2024-08,2576744
2034,2,229,봉천,2024-08,1335420
2035,2,230,신림,2024-08,3128677
2036,2,231,신대방,2024-08,1413667
2037,2,232,구로디지털단지,2024-08,3154467
2038,2,233,대림(2),2024-08,1382414
2039,2,234,신도림,2024-08,2904626
2040,2,235,문래,2024-08,1272921
2041,2,236,영등포구청(2),2024-08,1237337
2042,2,237,당산,2024-08,1042647
2043,2,238,합정(2),2024-08,1992550
2044,2,239,홍대입구,2024-08,4587953
2045,2,240,신촌,2024-08,2161423
2046,2,241,이대,2024-08,900787
2047,2,242,아현,2024-08,590173
2048,2,243,충정로(2),2024-08,565291
2049,2,244,용답,2024-08,168009
2050,2,245,신답,2024-08,95582
2051,2,246,신설동(2),2024-08,213747
2052,2,247,도림천,2024-08,77741
2053,2,248,양천구청,2024-08,382248
2054,2,249,신정네거리,2024-08,574030
2055,2,250,용두,2024-08,144021
2056,3,309,지축,2024-08,425168
2057,3,310,구파발,2024-08,1245800
2058,3,311,연신내(3),2024-08,1914554
2059,3,312,불광(3),2024-08,982534
2060,3,313,녹번,2024-08,807361
2061,3,314,홍제,2024-08,966590
2062,3,315,무악재,2024-08,248368
2063,3,316,독립문,2024-08,443266
2064,3,317,경복궁,2024-08,1321519
2065,3,318,안국,2024-08,1504102
2066,3,319,종로3가(3),2024-08,675893
2067,3,320,을지로3가(3),2024-08,645606
2068,3,322,동대입구,2024-08,547035
2069,3,323,약수(3),2024-08,723816
2070,3,324,금호,2024-08,437928
2071,3,325,옥수,2024-08,513735
2072,3,326,압구정,2024-08,1791317
2073,3,327,신사,2024-08,1592042
2074,3,328,잠원,2024-08,281951
2075,3,329,고속터미널(3),2024-08,2994429
2076,3,330,교대(3),2024-08,712356
2077,3,331,남부터미널,2024-08,1703814
2078,3,332,양재,2024-08,2052770
2079,3,333,매봉,2024-08,665308
2080,3,334,도곡,2024-08,323058
2081,3,335,대치,2024-08,738380
2082,3,336,학여울,2024-08,186706
2083,3,337,대청,2024-08,580866
2084,3,338,일원,2024-08,585463
2085,3,339,수서,2024-08,1087253
2086,3,340,가락시장(3),2024-08,489692
2087,3,341,경찰병원,2024-08,417718
2088,3,342,오금(3),2024-08,346184
2089,4,409,불암산,2024-08,536940
2090,4,410,상계,2024-08,1046938
2091,4,411,노원(4),2024-08,1695045
2092,4,412,창동,2024-08,1555415
2093,4,413,쌍문,2024-08,1586662
2094,4,414,수유,2024-08,1911429
2095,4,415,미아,2024-08,838721
2096,4,416,미아사거리,2024-08,1503928
2097,4,417,길음,2024-08,1147193
2098,4,418,성신여대입구,2024-08,1199273
2099,4,419,한성대입구,2024-08,728473
2100,4,420,혜화,2024-08,2091253
2101,4,421,동대문(4),2024-08,1084925
2102,4,422,동대문역사문화공원(4),2024-08,1076423
2103,4,423,충무로(4),2024-08,1663138
2104,4,424,명동,2024-08,2087296
2105,4,425,회현,2024-08,1488383
2106,4,426,서울역(4),2024-08,1036981
2107,4,427,숙대입구,2024-08,796400
2108,4,428,삼각지(4),2024-08,402263
2109,4,429,신용산,2024-08,1201097
2110,4,430,이촌,2024-08,568512
2111,4,431,동작,2024-08,107375
2112,4,432,이수(총신대입구),2024-08,1120439
2113,4,433,사당(4),2024-08,1421269
2114,4,434,남태령,2024-08,77119
2115,5,2511,방화,2024-08,395518
2116,5,2512,개화산,2024-08,338780
2117,5,2513,김포공항(5),2024-08,626574
2118,5,2514,송정,2024-08,355397
2119,5,2515,마곡,2024-08,662888
2120,5,2516,발산,2024-08,1264994
2121,5,2517,우장산,2024-08,823819
2122,5,2518,화곡,2024-08,1523275
2123,5,2519,까치산(5),2024-08,1531053
2124,5,2520,신정,2024-08,682284
2125,5,2521,목동,2024-08,945782
2126,5,2522,오목교,2024-08,1223498
2127,5,2523,양평(5),2024-08,416761
2128,5,2524,영등포구청(5),2024-08,265988
2129,5,2525,영등포시장,2024-08,657215
2130,5,2526,신길(5),2024-08,288118
2131,5,2527,여의도(5),2024-08,1612047
2132,5,2528,여의나루,2024-08,823114
2133,5,2529,마포,2024-08,813246
2134,5,2530,공덕(5),2024-08,799006
2135,5,2531,애오개,2024-08,370942
2136,5,2532,충정로(5),2024-08,250628
2137,5,2533,서대문,2024-08,1052875
2138,5,2534,광화문,2024-08,1858560
2139,5,2535,종로3가(5),2024-08,880874
2140,5,2536,을지로4가(5),2024-08,347283
2141,5,2537,동대문역사문화공원(5),2024-08,187506
2142,5,2538,청구(5),2024-08,209865
2143,5,2539,신금호,2024-08,366769
2144,5,2540,행당,2024-08,426555
2145,5,2541,왕십리(5),2024-08,288083
2146,5,2542,마장,2024-08,315360
2147,5,2543,답십리,2024-08,879427
2148,5,2544,장한평,2024-08,1087953
2149,5,2545,군자(5),2024-08,679577
2150,5,2546,아차산,2024-08,816203
2151,5,2547,광나루,2024-08,652739
2152,5,2548,천호(5),2024-08,1128109
2153,5,2549,강동,2024-08,1051491
2154,5,2550,길동,2024-08,492144
2155,5,2551,굽은다리,2024-08,563051
2156,5,2552,명일,2024-08,475365
2157,5,2553,고덕,2024-08,576347
2158,5,2554,상일동,2024-08,791595
2159,5,2555,둔촌동,2024-08,501770
2160,5,2556,올림픽공원(5),2024-08,306156
2161,5,2557,방이,2024-08,420498
2162,5,2558,오금(5),2024-08,201677
2163,5,2559,개롱,2024-08,374061
2164,5,2560,거여,2024-08,549660
2165,5,2561,마천,2024-08,394390
2166,5,2562,강일,2024-08,319662
2167,5,2563,미사,2024-08,1024072
2168,5,2564,하남풍산,2024-08,257120
2169,5,2565,하남시청,2024-08,459620
2170,5,2566,하남검단산,2024-08,385313
2171,6,2611,응암,2024-08,982699
2172,6,2612,역촌,2024-08,240547
2173,6,2613,불광(6),2024-08,283341
2174,6,2614,독바위,2024-08,167564
2175,6,2616,구산,2024-08,416547
2176,6,2617,새절,2024-08,682875
2177,6,2618,증산,2024-08,542682
2178,6,2619,디지털미디어시티(6),2024-08,844778
2179,6,2620,월드컵경기장,2024-08,390962
2180,6,2621,마포구청,2024-08,788506
2181,6,2622,망원,2024-08,933320
2182,6,2623,합정(6),2024-08,801282
2183,6,2624,상수,2024-08,625571
2184,6,2625,광흥창,2024-08,511856
2185,6,2626,대흥,2024-08,505368
2186,6,2627,공덕(6),2024-08,1033526
2187,6,2628,효창공원앞,2024-08,375595
2188,6,2629,삼각지(6),2024-08,417957
2189,6,2630,녹사평,2024-08,301532
2190,6,2631,이태원,2024-08,715431
2191,6,2632,한강진,2024-08,632858
2192,6,2633,버티고개,2024-08,121107
2193,6,2634,약수(6),2024-08,209256
2194,6,2635,청구(6),2024-08,213526
2195,6,2636,신당(6),2024-08,488467
2196,6,2637,동묘앞(6),2024-08,489610
2197,6,2638,창신,2024-08,174700
2198,6,2639,보문,2024-08,423123
2199,6,2640,안암,2024-08,605956
2200,6,2641,고려대,2024-08,442081
2201,6,2642,월곡,2024-08,634289
2202,6,2643,상월곡,2024-08,343301
2203,6,2644,돌곶이,2024-08,550721
2204,6,2645,석계(6),2024-08,699130
2205,6,2646,태릉입구(6),2024-08,329241
2206,6,2647,화랑대,2024-08,557780
2207,6,2648,봉화산,2024-08,485297
2208,7,2711,장암,2024-08,119721
2209,7,2712,도봉산(7),2024-08,547829
2210,7,2713,수락산,2024-08,734505
2211,7,2714,마들,2024-08,714183
2212,7,2715,노원(7),2024-08,1412460
2213,7,2716,중계,2024-08,764306
2214,7,2717,하계,2024-08,960237
2215,7,2718,공릉,2024-08,658519
2216,7,2719,태릉입구(7),2024-08,469334
2217,7,2720,먹골,2024-08,573982
2218,7,2721,중화,2024-08,581699
2219,7,2722,상봉(7),2024-08,974653
2220,7,2723,면목,2024-08,796217
2221,7,2724,사가정,2024-08,905534
2222,7,2725,용마산,2024-08,322364
2223,7,2726,중곡,2024-08,594379
2224,7,2727,군자(7),2024-08,777363
2225,7,2728,어린이대공원,2024-08,762097
2226,7,2729,건대입구(7),2024-08,776709
2227,7,2730,자양,2024-08,534298
2228,7,2731,청담,2024-08,1044414
2229,7,2732,강남구청,2024-08,917040
2230,7,2733,학동,2024-08,1279316
2231,7,2734,논현,2024-08,1015417
2232,7,2735,반포,2024-08,358977
2233,7,2736,고속터미널(7),2024-08,936509
2234,7,2737,내방,2024-08,798073
2235,7,2738,이수(7),2024-08,930751
2236,7,2739,남성,2024-08,626246
2237,7,2740,숭실대입구,2024-08,681995
2238,7,2741,상도,2024-08,621605
2239,7,2742,장승배기,2024-08,515485
2240,7,2743,신대방삼거리,2024-08,824336
2241,7,2744,보라매,2024-08,374374
2242,7,2745,신풍,2024-08,615156
2243,7,2746,대림(7),2024-08,556104
2244,7,2747,남구로,2024-08,823831
2245,7,2748,가산디지털단지(7),2024-08,2256666
2246,7,2749,철산,2024-08,1211217
2247,7,2750,광명사거리,2024-08,1124773
2248,7,2751,천왕,2024-08,620280
2249,7,2752,온수(7),2024-08,509147
2250,8,2810,암사역사공원,2024-08,197261
2251,8,2811,암사,2024-08,959948
2252,8,2812,천호(8),2024-08,1015617
2253,8,2813,강동구청,2024-08,591005
2254,8,2814,몽촌토성,2024-08,402139
2255,8,2815,잠실(8),2024-08,1199440
2256,8,2816,석촌(8),2024-08,525409
2257,8,2817,송파,2024-08,529254
2258,8,2818,가락시장(8),2024-08,470499
2259,8,2819,문정,2024-08,1185690
2260,8,2820,장지,2024-08,946987
2261,8,2821,복정(8),2024-08,489550
2262,8,2822,산성,2024-08,352757
2263,8,2823,남한산성입구,2024-08,677131
2264,8,2824,단대오거리,2024-08,645241
2265,8,2825,신흥,2024-08,305768
2266,8,2826,수진,2024-08,308028
2267,8,2827,모란(8),2024-08,279493
2268,8,2828,남위례,2024-08,395405
2269,9,4126,언주,2024-08,391882
2270,9,4127,선정릉,2024-08,321002
2271,9,4128,삼성중앙,2024-08,258253
2272,9,4129,봉은사,2024-08,774383
2273,9,4130,종합운동장(9),2024-08,183663
2274,9,4131,삼전,2024-08,287698
2275,9,4132,석촌고분,2024-08,258149
2276,9,4133,석촌(9),2024-08,338531
2277,9,4134,송파나루,2024-08,222374
2278,9,4135,한성백제,2024-08,116218
2279,9,4136,올림픽공원(9),2024-08,297575
2280,9,4137,둔촌오륜,2024-08,47974
2281,9,4138,중앙보훈병원,2024-08,398808
2282,1,150,서울역(1),2024-09,2960979
2283,1,151,시청(1),2024-09,1359171
2284,1,152,종각,2024-09,1951311
2285,1,153,종로3가(1),2024-09,1365292
2286,1,154,종로5가,2024-09,1287571
2287,1,155,동대문(1),2024-09,726610
2288,1,156,신설동(1),2024-09,781139
2289,1,157,제기동,2024-09,1000240
2290,1,158,청량리,2024-09,1311562
2291,1,159,동묘앞(1),2024-09,617950
2292,2,201,시청(2),2024-09,1293362
2293,2,202,을지로입구,2024-09,2633825
2294,2,203,을지로3가(2),2024-09,1292813
2295,2,204,을지로4가(2),2024-09,752009
2296,2,205,동대문역사문화공원(2),2024-09,938844
2297,2,206,신당(2),2024-09,844267
2298,2,207,상왕십리,2024-09,774919
2299,2,208,왕십리(2),2024-09,840099
2300,2,209,한양대,2024-09,728155
2301,2,210,뚝섬,2024-09,1351329
2302,2,211,성수,2024-09,2498748
2303,2,212,건대입구(2),2024-09,2092760
2304,2,213,구의,2024-09,1319335
2305,2,214,강변,2024-09,1567394
2306,2,215,잠실나루,2024-09,771528
2307,2,216,잠실(2),2024-09,4254517
2308,2,217,잠실새내,2024-09,1301981
2309,2,218,종합운동장(2),2024-09,975894
2310,2,219,삼성,2024-09,2744120
2311,2,220,선릉,2024-09,2655054
2312,2,221,역삼,2024-09,2631168
2313,2,222,강남,2024-09,4103944
2314,2,223,교대(2),2024-09,1736030
2315,2,224,서초,2024-09,1160292
2316,2,225,방배,2024-09,934424
2317,2,226,사당(2),2024-09,2344700
2318,2,227,낙성대,2024-09,1495777
2319,2,228,서울대입구,2024-09,2500982
2320,2,229,봉천,2024-09,1264848
2321,2,230,신림,2024-09,2968004
2322,2,231,신대방,2024-09,1363928
2323,2,232,구로디지털단지,2024-09,2955774
2324,2,233,대림(2),2024-09,1356600
2325,2,234,신도림,2024-09,2763650
2326,2,235,문래,2024-09,1197301
2327,2,236,영등포구청(2),2024-09,1174545
2328,2,237,당산,2024-09,1066555
2329,2,238,합정(2),2024-09,1854959
2330,2,239,홍대입구,2024-09,4272851
2331,2,240,신촌,2024-09,2190947
2332,2,241,이대,2024-09,1017847
2333,2,242,아현,2024-09,585186
2334,2,243,충정로(2),2024-09,541179
2335,2,244,용답,2024-09,178929
2336,2,245,신답,2024-09,91826
2337,2,246,신설동(2),2024-09,211200
2338,2,247,도림천,2024-09,72637
2339,2,248,양천구청,2024-09,377777
2340,2,249,신정네거리,2024-09,556940
2341,2,250,용두,2024-09,142701
2342,3,309,지축,2024-09,413118
2343,3,310,구파발,2024-09,1205949
2344,3,311,연신내(3),2024-09,1855451
2345,3,312,불광(3),2024-09,968860
2346,3,313,녹번,2024-09,794996
2347,3,314,홍제,2024-09,968461
2348,3,315,무악재,2024-09,242538
2349,3,316,독립문,2024-09,444780
2350,3,317,경복궁,2024-09,1449481
2351,3,318,안국,2024-09,1519124
2352,3,319,종로3가(3),2024-09,662091
2353,3,320,을지로3가(3),2024-09,611189
2354,3,322,동대입구,2024-09,689088
2355,3,323,약수(3),2024-09,700638
2356,3,324,금호,2024-09,427428
2357,3,325,옥수,2024-09,507346
2358,3,326,압구정,2024-09,1694621
2359,3,327,신사,2024-09,1481463
2360,3,328,잠원,2024-09,271853
2361,3,329,고속터미널(3),2024-09,2873984
2362,3,330,교대(3),2024-09,689068
2363,3,331,남부터미널,2024-09,1644870
2364,3,332,양재,2024-09,1952097
2365,3,333,매봉,2024-09,629624
2366,3,334,도곡,2024-09,310722
2367,3,335,대치,2024-09,700100
2368,3,336,학여울,2024-09,128576
2369,3,337,대청,2024-09,557669
2370,3,338,일원,2024-09,563964
2371,3,339,수서,2024-09,1059722
2372,3,340,가락시장(3),2024-09,486439
2373,3,341,경찰병원,2024-09,393029
2374,3,342,오금(3),2024-09,335332
2375,4,409,불암산,2024-09,517544
2376,4,410,상계,2024-09,1050032
2377,4,411,노원(4),2024-09,1302444
2378,4,412,창동,2024-09,1550613
2379,4,413,쌍문,2024-09,1562060
2380,4,414,수유,2024-09,1902034
2381,4,415,미아,2024-09,856793
2382,4,416,미아사거리,2024-09,1464947
2383,4,417,길음,2024-09,1201349
2384,4,418,성신여대입구,2024-09,1267736
2385,4,419,한성대입구,2024-09,806635
2386,4,420,혜화,2024-09,2016845
2387,4,421,동대문(4),2024-09,1061913
2388,4,422,동대문역사문화공원(4),2024-09,1040029
2389,4,423,충무로(4),2024-09,1698014
2390,4,424,명동,2024-09,2130931
2391,4,425,회현,2024-09,1434459
2392,4,426,서울역(4),2024-09,974122
2393,4,427,숙대입구,2024-09,842161
2394,4,428,삼각지(4),2024-09,381986
2395,4,429,신용산,2024-09,1138227
2396,4,430,이촌,2024-09,519356
2397,4,431,동작,2024-09,119994
2398,4,432,이수(총신대입구),2024-09,1105748
2399,4,433,사당(4),2024-09,1392028
2400,4,434,남태령,2024-09,73335
2401,5,2511,방화,2024-09,382355
2402,5,2512,개화산,2024-09,325462
2403,5,2513,김포공항(5),2024-09,583748
2404,5,2514,송정,2024-09,341900
2405,5,2515,마곡,2024-09,609029
2406,5,2516,발산,2024-09,1201749
2407,5,2517,우장산,2024-09,809184
2408,5,2518,화곡,2024-09,1467159
2409,5,2519,까치산(5),2024-09,1471872
2410,5,2520,신정,2024-09,657688
2411,5,2521,목동,2024-09,918130
2412,5,2522,오목교,2024-09,1164538
2413,5,2523,양평(5),2024-09,391010
2414,5,2524,영등포구청(5),2024-09,251457
2415,5,2525,영등포시장,2024-09,624271
2416,5,2526,신길(5),2024-09,268027
2417,5,2527,여의도(5),2024-09,1441889
2418,5,2528,여의나루,2024-09,866636
2419,5,2529,마포,2024-09,763559
2420,5,2530,공덕(5),2024-09,760413
2421,5,2531,애오개,2024-09,351798
2422,5,2532,충정로(5),2024-09,239372
2423,5,2533,서대문,2024-09,1018697
2424,5,2534,광화문,2024-09,1770962
2425,5,2535,종로3가(5),2024-09,869310
2426,5,2536,을지로4가(5),2024-09,335707
2427,5,2537,동대문역사문화공원(5),2024-09,173881
2428,5,2538,청구(5),2024-09,202480
2429,5,2539,신금호,2024-09,361823
2430,5,2540,행당,2024-09,412834
2431,5,2541,왕십리(5),2024-09,277390
2432,5,2542,마장,2024-09,321198
2433,5,2543,답십리,2024-09,848193
2434,5,2544,장한평,2024-09,1042404
2435,5,2545,군자(5),2024-09,671022
2436,5,2546,아차산,2024-09,827735
2437,5,2547,광나루,2024-09,624510
2438,5,2548,천호(5),2024-09,1056620
2439,5,2549,강동,2024-09,1004381
2440,5,2550,길동,2024-09,471815
2441,5,2551,굽은다리,2024-09,533311
2442,5,2552,명일,2024-09,456144
2443,5,2553,고덕,2024-09,551964
2444,5,2554,상일동,2024-09,761589
2445,5,2555,둔촌동,2024-09,486041
2446,5,2556,올림픽공원(5),2024-09,321763
2447,5,2557,방이,2024-09,410729
2448,5,2558,오금(5),2024-09,195752
2449,5,2559,개롱,2024-09,362860
2450,5,2560,거여,2024-09,538374
2451,5,2561,마천,2024-09,390382
2452,5,2562,강일,2024-09,315061
2453,5,2563,미사,2024-09,982047
2454,5,2564,하남풍산,2024-09,246649
2455,5,2565,하남시청,2024-09,457942
2456,5,2566,하남검단산,2024-09,372803
2457,6,2611,응암,2024-09,968487
2458,6,2612,역촌,2024-09,231916
2459,6,2613,불광(6),2024-09,266377
2460,6,2614,독바위,2024-09,161359
2461,6,2616,구산,2024-09,401307
2462,6,2617,새절,2024-09,674989
2463,6,2618,증산,2024-09,533781
2464,6,2619,디지털미디어시티(6),2024-09,825404
2465,6,2620,월드컵경기장,2024-09,572737
2466,6,2621,마포구청,2024-09,774086
2467,6,2622,망원,2024-09,924372
2468,6,2623,합정(6),2024-09,771140
2469,6,2624,상수,2024-09,640980
2470,6,2625,광흥창,2024-09,495229
2471,6,2626,대흥,2024-09,541332
2472,6,2627,공덕(6),2024-09,989561
2473,6,2628,효창공원앞,2024-09,389054
2474,6,2629,삼각지(6),2024-09,410293
2475,6,2630,녹사평,2024-09,304382
2476,6,2631,이태원,2024-09,713924
2477,6,2632,한강진,2024-09,651931
2478,6,2633,버티고개,2024-09,119238
2479,6,2634,약수(6),2024-09,202781
2480,6,2635,청구(6),2024-09,207375
2481,6,2636,신당(6),2024-09,476562
2482,6,2637,동묘앞(6),2024-09,502443
2483,6,2638,창신,2024-09,180764
2484,6,2639,보문,2024-09,429124
2485,6,2640,안암,2024-09,768299
2486,6,2641,고려대,2024-09,496739
2487,6,2642,월곡,2024-09,668587
2488,6,2643,상월곡,2024-09,362415
2489,6,2644,돌곶이,2024-09,536618
2490,6,2645,석계(6),2024-09,705289
2491,6,2646,태릉입구(6),2024-09,336703
2492,6,2647,화랑대,2024-09,591216
2493,6,2648,봉화산,2024-09,470759
2494,7,2711,장암,2024-09,113337
2495,7,2712,도봉산(7),2024-09,559609
2496,7,2713,수락산,2024-09,700755
2497,7,2714,마들,2024-09,702683
2498,7,2715,노원(7),2024-09,1135183
2499,7,2716,중계,2024-09,767266
2500,7,2717,하계,2024-09,960425
2501,7,2718,공릉,2024-09,681702
2502,7,2719,태릉입구(7),2024-09,479404
2503,7,2720,먹골,2024-09,551311
2504,7,2721,중화,2024-09,570976
2505,7,2722,상봉(7),2024-09,939235
2506,7,2723,면목,2024-09,802257
2507,7,2724,사가정,2024-09,891243
2508,7,2725,용마산,2024-09,319138
2509,7,2726,중곡,2024-09,575499
2510,7,2727,군자(7),2024-09,734495
2511,7,2728,어린이대공원,2024-09,961444
2512,7,2729,건대입구(7),2024-09,799740
2513,7,2730,자양,2024-09,643161
2514,7,2731,청담,2024-09,989291
2515,7,2732,강남구청,2024-09,856494
2516,7,2733,학동,2024-09,1178464
2517,7,2734,논현,2024-09,953070
2518,7,2735,반포,2024-09,344187
2519,7,2736,고속터미널(7),2024-09,921931
2520,7,2737,내방,2024-09,763650
2521,7,2738,이수(7),2024-09,882637
2522,7,2739,남성,2024-09,608336
2523,7,2740,숭실대입구,2024-09,827343
2524,7,2741,상도,2024-09,667368
2525,7,2742,장승배기,2024-09,494308
2526,7,2743,신대방삼거리,2024-09,792487
2527,7,2744,보라매,2024-09,366350
2528,7,2745,신풍,2024-09,591477
2529,7,2746,대림(7),2024-09,555862
2530,7,2747,남구로,2024-09,785402
2531,7,2748,가산디지털단지(7),2024-09,2068741
2532,7,2749,철산,2024-09,1164622
2533,7,2750,광명사거리,2024-09,1106914
2534,7,2751,천왕,2024-09,605819
2535,7,2752,온수(7),2024-09,523706
2536,8,2810,암사역사공원,2024-09,281213
2537,8,2811,암사,2024-09,887216
2538,8,2812,천호(8),2024-09,975581
2539,8,2813,강동구청,2024-09,571197
2540,8,2814,몽촌토성,2024-09,413260
2541,8,2815,잠실(8),2024-09,1112130
2542,8,2816,석촌(8),2024-09,500564
2543,8,2817,송파,2024-09,508181
2544,8,2818,가락시장(8),2024-09,471718
2545,8,2819,문정,2024-09,1108039
2546,8,2820,장지,2024-09,888669
2547,8,2821,복정(8),2024-09,495418
2548,8,2822,산성,2024-09,347089
2549,8,2823,남한산성입구,2024-09,724512
2550,8,2824,단대오거리,2024-09,641720
2551,8,2825,신흥,2024-09,291243
2552,8,2826,수진,2024-09,298245
2553,8,2827,모란(8),2024-09,271618
2554,8,2828,남위례,2024-09,392024
2555,9,4126,언주,2024-09,356944
2556,9,4127,선정릉,2024-09,299032
2557,9,4128,삼성중앙,2024-09,239479
2558,9,4129,봉은사,2024-09,656098
2559,9,4130,종합운동장(9),2024-09,171788
2560,9,4131,삼전,2024-09,269582
2561,9,4132,석촌고분,2024-09,240580
2562,9,4133,석촌(9),2024-09,319297
2563,9,4134,송파나루,2024-09,204016
2564,9,4135,한성백제,2024-09,116711
2565,9,4136,올림픽공원(9),2024-09,338109
2566,9,4137,둔촌오륜,2024-09,46311
2567,9,4138,중앙보훈병원,2024-09,378570
2568,1,150,서울역(1),2024-10,3360281
2569,1,151,시청(1),2024-10,1713252
2570,1,152,종각,2024-10,2242232
2571,1,153,종로3가(1),2024-10,1600183
2572,1,154,종로5가,2024-10,1471375
2573,1,155,동대문(1),2024-10,790463
2574,1,156,신설동(1),2024-10,868354
2575,1,157,제기동,2024-10,1109638
2576,1,158,청량리,2024-10,1441825
2577,1,159,동묘앞(1),2024-10,703602
2578,2,201,시청(2),2024-10,1563002
2579,2,202,을지로입구,2024-10,2959894
2580,2,203,을지로3가(2),2024-10,1452548
2581,2,204,을지로4가(2),2024-10,848458
2582,2,205,동대문역사문화공원(2),2024-10,1076706
2583,2,206,신당(2),2024-10,943783
2584,2,207,상왕십리,2024-10,855327
2585,2,208,왕십리(2),2024-10,917983
2586,2,209,한양대,2024-10,784788
2587,2,210,뚝섬,2024-10,1598437
2588,2,211,성수,2024-10,2940338
2589,2,212,건대입구(2),2024-10,2322200
2590,2,213,구의,2024-10,1482619
2591,2,214,강변,2024-10,1701933
2592,2,215,잠실나루,2024-10,882770
2593,2,216,잠실(2),2024-10,4780679
2594,2,217,잠실새내,2024-10,1416802
2595,2,218,종합운동장(2),2024-10,775782
2596,2,219,삼성,2024-10,3064672
2597,2,220,선릉,2024-10,2981771
2598,2,221,역삼,2024-10,2925515
2599,2,222,강남,2024-10,4521933
2600,2,223,교대(2),2024-10,1932048
2601,2,224,서초,2024-10,1281203
2602,2,225,방배,2024-10,1041419
2603,2,226,사당(2),2024-10,2669111
2604,2,227,낙성대,2024-10,1667468
2605,2,228,서울대입구,2024-10,2756475
2606,2,229,봉천,2024-10,1403320
2607,2,230,신림,2024-10,3289969
2608,2,231,신대방,2024-10,1520062
2609,2,232,구로디지털단지,2024-10,3313798
2610,2,233,대림(2),2024-10,1510766
2611,2,234,신도림,2024-10,3065553
2612,2,235,문래,2024-10,1349262
2613,2,236,영등포구청(2),2024-10,1327586
2614,2,237,당산,2024-10,1225314
2615,2,238,합정(2),2024-10,2098597
2616,2,239,홍대입구,2024-10,4757974
2617,2,240,신촌,2024-10,2408721
2618,2,241,이대,2024-10,1118843
2619,2,242,아현,2024-10,650978
2620,2,243,충정로(2),2024-10,609681
2621,2,244,용답,2024-10,194346
2622,2,245,신답,2024-10,104292
2623,2,246,신설동(2),2024-10,233657
2624,2,247,도림천,2024-10,81128
2625,2,248,양천구청,2024-10,425519
2626,2,249,신정네거리,2024-10,622448
2627,2,250,용두,2024-10,158167
2628,3,309,지축,2024-10,471737
2629,3,310,구파발,2024-10,1353774
2630,3,311,연신내(3),2024-10,2056934
2631,3,312,불광(3),2024-10,1081571
2632,3,313,녹번,2024-10,883988
2633,3,314,홍제,2024-10,1091597
2634,3,315,무악재,2024-10,270520
2635,3,316,독립문,2024-10,534895
2636,3,317,경복궁,2024-10,1839244
2637,3,318,안국,2024-10,1845361
2638,3,319,종로3가(3),2024-10,774740
2639,3,320,을지로3가(3),2024-10,698192
2640,3,322,동대입구,2024-10,803838
2641,3,323,약수(3),2024-10,778577
2642,3,324,금호,2024-10,476051
2643,3,325,옥수,2024-10,574470
2644,3,326,압구정,2024-10,1906060
2645,3,327,신사,2024-10,1669757
2646,3,328,잠원,2024-10,308392
2647,3,329,고속터미널(3),2024-10,3054226
2648,3,330,교대(3),2024-10,770108
2649,3,331,남부터미널,2024-10,1800059
2650,3,332,양재,2024-10,2192096
2651,3,333,매봉,2024-10,709804
2652,3,334,도곡,2024-10,352596
2653,3,335,대치,2024-10,755203
2654,3,336,학여울,2024-10,142249
2655,3,337,대청,2024-10,638468
2656,3,338,일원,2024-10,633603
2657,3,339,수서,2024-10,1167553
2658,3,340,가락시장(3),2024-10,542074
2659,3,341,경찰병원,2024-10,433593
2660,3,342,오금(3),2024-10,375307
2661,4,409,불암산,2024-10,568746
2662,4,410,상계,2024-10,1161461
2663,4,411,노원(4),2024-10,1392961
2664,4,412,창동,2024-10,1695522
2665,4,413,쌍문,2024-10,1725877
2666,4,414,수유,2024-10,2091255
2667,4,415,미아,2024-10,953691
2668,4,416,미아사거리,2024-10,1608192
2669,4,417,길음,2024-10,1323844
2670,4,418,성신여대입구,2024-10,1374458
2671,4,419,한성대입구,2024-10,901164
2672,4,420,혜화,2024-10,2290414
2673,4,421,동대문(4),2024-10,1261305
2674,4,422,동대문역사문화공원(4),2024-10,1186633
2675,4,423,충무로(4),2024-10,1909302
2676,4,424,명동,2024-10,2411111
2677,4,425,회현,2024-10,1774807
2678,4,426,서울역(4),2024-10,1121939
2679,4,427,숙대입구,2024-10,941632
2680,4,428,삼각지(4),2024-10,439801
2681,4,429,신용산,2024-10,1291804
2682,4,430,이촌,2024-10,624080
2683,4,431,동작,2024-10,154248
2684,4,432,이수(총신대입구),2024-10,1232666
2685,4,433,사당(4),2024-10,1561185
2686,4,434,남태령,2024-10,80796
2687,5,2511,방화,2024-10,412414
2688,5,2512,개화산,2024-10,360556
2689,5,2513,김포공항(5),2024-10,617618
2690,5,2514,송정,2024-10,381329
2691,5,2515,마곡,2024-10,675225
2692,5,2516,발산,2024-10,1361521
2693,5,2517,우장산,2024-10,888999
2694,5,2518,화곡,2024-10,1639911
2695,5,2519,까치산(5),2024-10,1634215
2696,5,2520,신정,2024-10,730467
2697,5,2521,목동,2024-10,1031404
2698,5,2522,오목교,2024-10,1277812
2699,5,2523,양평(5),2024-10,439543
2700,5,2524,영등포구청(5),2024-10,286056
2701,5,2525,영등포시장,2024-10,709024
2702,5,2526,신길(5),2024-10,311993
2703,5,2527,여의도(5),2024-10,1706222
2704,5,2528,여의나루,2024-10,1119384
2705,5,2529,마포,2024-10,893608
2706,5,2530,공덕(5),2024-10,865484
2707,5,2531,애오개,2024-10,392268
2708,5,2532,충정로(5),2024-10,266285
2709,5,2533,서대문,2024-10,1151657
2710,5,2534,광화문,2024-10,2143621
2711,5,2535,종로3가(5),2024-10,1050606
2712,5,2536,을지로4가(5),2024-10,388311
2713,5,2537,동대문역사문화공원(5),2024-10,192776
2714,5,2538,청구(5),2024-10,225425
2715,5,2539,신금호,2024-10,399608
2716,5,2540,행당,2024-10,458583
2717,5,2541,왕십리(5),2024-10,306524
2718,5,2542,마장,2024-10,352133
2719,5,2543,답십리,2024-10,951475
2720,5,2544,장한평,2024-10,1174764
2721,5,2545,군자(5),2024-10,760386
2722,5,2546,아차산,2024-10,969797
2723,5,2547,광나루,2024-10,718391
2724,5,2548,천호(5),2024-10,1185828
2725,5,2549,강동,2024-10,1119967
2726,5,2550,길동,2024-10,527572
2727,5,2551,굽은다리,2024-10,588283
2728,5,2552,명일,2024-10,511153
2729,5,2553,고덕,2024-10,621540
2730,5,2554,상일동,2024-10,857010
2731,5,2555,둔촌동,2024-10,555630
2732,5,2556,올림픽공원(5),2024-10,318324
2733,5,2557,방이,2024-10,448943
2734,5,2558,오금(5),2024-10,222022
2735,5,2559,개롱,2024-10,404915
2736,5,2560,거여,2024-10,599370
2737,5,2561,마천,2024-10,436060
2738,5,2562,강일,2024-10,361777
2739,5,2563,미사,2024-10,1116280
2740,5,2564,하남풍산,2024-10,277512
2741,5,2565,하남시청,2024-10,512037
2742,5,2566,하남검단산,2024-10,413651
2743,6,2611,응암,2024-10,1077572
2744,6,2612,역촌,2024-10,250619
2745,6,2613,불광(6),2024-10,291168
2746,6,2614,독바위,2024-10,176468
2747,6,2616,구산,2024-10,442392
2748,6,2617,새절,2024-10,754850
2749,6,2618,증산,2024-10,591542
2750,6,2619,디지털미디어시티(6),2024-10,921982
2751,6,2620,월드컵경기장,2024-10,612141
2752,6,2621,마포구청,2024-10,863022
2753,6,2622,망원,2024-10,1028978
2754,6,2623,합정(6),2024-10,866418
2755,6,2624,상수,2024-10,698772
2756,6,2625,광흥창,2024-10,551444
2757,6,2626,대흥,2024-10,590110
2758,6,2627,공덕(6),2024-10,1126312
2759,6,2628,효창공원앞,2024-10,464786
2760,6,2629,삼각지(6),2024-10,476053
2761,6,2630,녹사평,2024-10,358984
2762,6,2631,이태원,2024-10,815488
2763,6,2632,한강진,2024-10,758043
2764,6,2633,버티고개,2024-10,135515
2765,6,2634,약수(6),2024-10,226592
2766,6,2635,청구(6),2024-10,231993
2767,6,2636,신당(6),2024-10,531621
2768,6,2637,동묘앞(6),2024-10,573398
2769,6,2638,창신,2024-10,201779
2770,6,2639,보문,2024-10,478887
2771,6,2640,안암,2024-10,803305
2772,6,2641,고려대,2024-10,550874
2773,6,2642,월곡,2024-10,736483
2774,6,2643,상월곡,2024-10,396035
2775,6,2644,돌곶이,2024-10,594850
2776,6,2645,석계(6),2024-10,773063
2777,6,2646,태릉입구(6),2024-10,381581
2778,6,2647,화랑대,2024-10,663278
2779,6,2648,봉화산,2024-10,516903
2780,7,2711,장암,2024-10,130663
2781,7,2712,도봉산(7),2024-10,642914
2782,7,2713,수락산,2024-10,777689
2783,7,2714,마들,2024-10,795268
2784,7,2715,노원(7),2024-10,1229277
2785,7,2716,중계,2024-10,864894
2786,7,2717,하계,2024-10,1074394
2787,7,2718,공릉,2024-10,754673
2788,7,2719,태릉입구(7),2024-10,529780
2789,7,2720,먹골,2024-10,603068
2790,7,2721,중화,2024-10,631724
2791,7,2722,상봉(7),2024-10,1041039
2792,7,2723,면목,2024-10,886370
2793,7,2724,사가정,2024-10,995930
2794,7,2725,용마산,2024-10,359017
2795,7,2726,중곡,2024-10,637158
2796,7,2727,군자(7),2024-10,814363
2797,7,2728,어린이대공원,2024-10,1091438
2798,7,2729,건대입구(7),2024-10,864860
2799,7,2730,자양,2024-10,735371
2800,7,2731,청담,2024-10,1121187
2801,7,2732,강남구청,2024-10,975708
2802,7,2733,학동,2024-10,1322278
2803,7,2734,논현,2024-10,1080156
2804,7,2735,반포,2024-10,385715
2805,7,2736,고속터미널(7),2024-10,995366
2806,7,2737,내방,2024-10,848553
2807,7,2738,이수(7),2024-10,972906
2808,7,2739,남성,2024-10,670062
2809,7,2740,숭실대입구,2024-10,907470
2810,7,2741,상도,2024-10,733628
2811,7,2742,장승배기,2024-10,549116
2812,7,2743,신대방삼거리,2024-10,871544
2813,7,2744,보라매,2024-10,411388
2814,7,2745,신풍,2024-10,671193
2815,7,2746,대림(7),2024-10,573100
2816,7,2747,남구로,2024-10,858499
2817,7,2748,가산디지털단지(7),2024-10,2296663
2818,7,2749,철산,2024-10,1295184
2819,7,2750,광명사거리,2024-10,1218940
2820,7,2751,천왕,2024-10,668543
2821,7,2752,온수(7),2024-10,582383
2822,8,2810,암사역사공원,2024-10,349048
2823,8,2811,암사,2024-10,973063
2824,8,2812,천호(8),2024-10,1094469
2825,8,2813,강동구청,2024-10,635650
2826,8,2814,몽촌토성,2024-10,480018
2827,8,2815,잠실(8),2024-10,1200943
2828,8,2816,석촌(8),2024-10,566691
2829,8,2817,송파,2024-10,563923
2830,8,2818,가락시장(8),2024-10,527163
2831,8,2819,문정,2024-10,1261110
2832,8,2820,장지,2024-10,1001088
2833,8,2821,복정(8),2024-10,559650
2834,8,2822,산성,2024-10,389670
2835,8,2823,남한산성입구,2024-10,807926
2836,8,2824,단대오거리,2024-10,712152
2837,8,2825,신흥,2024-10,317867
2838,8,2826,수진,2024-10,330032
2839,8,2827,모란(8),2024-10,299050
2840,8,2828,남위례,2024-10,454426
2841,9,4126,언주,2024-10,394960
2842,9,4127,선정릉,2024-10,335426
2843,9,4128,삼성중앙,2024-10,263394
2844,9,4129,봉은사,2024-10,731072
2845,9,4130,종합운동장(9),2024-10,184399
2846,9,4131,삼전,2024-10,297971
2847,9,4132,석촌고분,2024-10,263616
2848,9,4133,석촌(9),2024-10,357545
2849,9,4134,송파나루,2024-10,218445
2850,9,4135,한성백제,2024-10,127201
2851,9,4136,올림픽공원(9),2024-10,321739
2852,9,4137,둔촌오륜,2024-10,51214
2853,9,4138,중앙보훈병원,2024-10,419235
2854,1,150,서울역(1),2024-11,3384423
2855,1,151,시청(1),2024-11,1656356
2856,1,152,종각,2024-11,2243003
2857,1,153,종로3가(1),2024-11,1541606
2858,1,154,종로5가,2024-11,1405605
2859,1,155,동대문(1),2024-11,755122
2860,1,156,신설동(1),2024-11,854955
2861,1,157,제기동,2024-11,1050483
2862,1,158,청량리,2024-11,1397459
2863,1,159,동묘앞(1),2024-11,668410
2864,2,201,시청(2),2024-11,1581137
2865,2,202,을지로입구,2024-11,3001802
2866,2,203,을지로3가(2),2024-11,1474309
2867,2,204,을지로4가(2),2024-11,842851
2868,2,205,동대문역사문화공원(2),2024-11,1036671
2869,2,206,신당(2),2024-11,946074
2870,2,207,상왕십리,2024-11,870165
2871,2,208,왕십리(2),2024-11,941464
2872,2,209,한양대,2024-11,821548
2873,2,210,뚝섬,2024-11,1576262
2874,2,211,성수,2024-11,2918184
2875,2,212,건대입구(2),2024-11,2346101
2876,2,213,구의,2024-11,1506074
2877,2,214,강변,2024-11,1716157
2878,2,215,잠실나루,2024-11,883385
2879,2,216,잠실(2),2024-11,4844984
2880,2,217,잠실새내,2024-11,1420414
2881,2,218,종합운동장(2),2024-11,566624
2882,2,219,삼성,2024-11,3257741
2883,2,220,선릉,2024-11,3084074
2884,2,221,역삼,2024-11,3018514
2885,2,222,강남,2024-11,4601573
2886,2,223,교대(2),2024-11,1991555
2887,2,224,서초,2024-11,1318892
2888,2,225,방배,2024-11,1067390
2889,2,226,사당(2),2024-11,2702144
2890,2,227,낙성대,2024-11,1642549
2891,2,228,서울대입구,2024-11,2778205
2892,2,229,봉천,2024-11,1402900
2893,2,230,신림,2024-11,3293057
2894,2,231,신대방,2024-11,1507801
2895,2,232,구로디지털단지,2024-11,3337691
2896,2,233,대림(2),2024-11,1499496
2897,2,234,신도림,2024-11,3144363
2898,2,235,문래,2024-11,1396516
2899,2,236,영등포구청(2),2024-11,1354124
2900,2,237,당산,2024-11,1211409
2901,2,238,합정(2),2024-11,2083806
2902,2,239,홍대입구,2024-11,4679654
2903,2,240,신촌,2024-11,2426920
2904,2,241,이대,2024-11,1140028
2905,2,242,아현,2024-11,655432
2906,2,243,충정로(2),2024-11,630154
2907,2,244,용답,2024-11,195396
2908,2,245,신답,2024-11,104729
2909,2,246,신설동(2),2024-11,236893
2910,2,247,도림천,2024-11,81217
2911,2,248,양천구청,2024-11,433085
2912,2,249,신정네거리,2024-11,625714
2913,2,250,용두,2024-11,157554
2914,3,309,지축,2024-11,465291
2915,3,310,구파발,2024-11,1331723
2916,3,311,연신내(3),2024-11,2019726
2917,3,312,불광(3),2024-11,1067209
2918,3,313,녹번,2024-11,892127
2919,3,314,홍제,2024-11,1083253
2920,3,315,무악재,2024-11,268116
2921,3,316,독립문,2024-11,509963
2922,3,317,경복궁,2024-11,1798188
2923,3,318,안국,2024-11,1831648
2924,3,319,종로3가(3),2024-11,738044
2925,3,320,을지로3가(3),2024-11,709022
2926,3,322,동대입구,2024-11,815551
2927,3,323,약수(3),2024-11,776178
2928,3,324,금호,2024-11,477804
2929,3,325,옥수,2024-11,568394
2930,3,326,압구정,2024-11,1930846
2931,3,327,신사,2024-11,1690314
2932,3,328,잠원,2024-11,312492
2933,3,329,고속터미널(3),2024-11,3089407
2934,3,330,교대(3),2024-11,791029
2935,3,331,남부터미널,2024-11,1868337
2936,3,332,양재,2024-11,2276702
2937,3,333,매봉,2024-11,731543
2938,3,334,도곡,2024-11,371337
2939,3,335,대치,2024-11,745895
2940,3,336,학여울,2024-11,164131
2941,3,337,대청,2024-11,636477
2942,3,338,일원,2024-11,646998
2943,3,339,수서,2024-11,1204653
2944,3,340,가락시장(3),2024-11,560255
2945,3,341,경찰병원,2024-11,437734
2946,3,342,오금(3),2024-11,381714
2947,4,409,불암산,2024-11,559664
2948,4,410,상계,2024-11,1160229
2949,4,411,노원(4),2024-11,1384826
2950,4,412,창동,2024-11,1700034
2951,4,413,쌍문,2024-11,1718688
2952,4,414,수유,2024-11,2081494
2953,4,415,미아,2024-11,950091
2954,4,416,미아사거리,2024-11,1605343
2955,4,417,길음,2024-11,1337159
2956,4,418,성신여대입구,2024-11,1379483
2957,4,419,한성대입구,2024-11,897427
2958,4,420,혜화,2024-11,2360419
2959,4,421,동대문(4),2024-11,1197362
2960,4,422,동대문역사문화공원(4),2024-11,1147719
2961,4,423,충무로(4),2024-11,1923851
2962,4,424,명동,2024-11,2389260
2963,4,425,회현,2024-11,1739405
2964,4,426,서울역(4),2024-11,1144988
2965,4,427,숙대입구,2024-11,960731
2966,4,428,삼각지(4),2024-11,445720
2967,4,429,신용산,2024-11,1305110
2968,4,430,이촌,2024-11,561593
2969,4,431,동작,2024-11,125674
2970,4,432,이수(총신대입구),2024-11,1231022
2971,4,433,사당(4),2024-11,1565344
2972,4,434,남태령,2024-11,83735
2973,5,2511,방화,2024-11,411262
2974,5,2512,개화산,2024-11,363998
2975,5,2513,김포공항(5),2024-11,629074
2976,5,2514,송정,2024-11,378909
2977,5,2515,마곡,2024-11,684817
2978,5,2516,발산,2024-11,1387369
2979,5,2517,우장산,2024-11,892107
2980,5,2518,화곡,2024-11,1642958
2981,5,2519,까치산(5),2024-11,1628063
2982,5,2520,신정,2024-11,730798
2983,5,2521,목동,2024-11,1025915
2984,5,2522,오목교,2024-11,1292498
2985,5,2523,양평(5),2024-11,454430
2986,5,2524,영등포구청(5),2024-11,292557
2987,5,2525,영등포시장,2024-11,725747
2988,5,2526,신길(5),2024-11,311631
2989,5,2527,여의도(5),2024-11,1736137
2990,5,2528,여의나루,2024-11,877338
2991,5,2529,마포,2024-11,883276
2992,5,2530,공덕(5),2024-11,883080
2993,5,2531,애오개,2024-11,385859
2994,5,2532,충정로(5),2024-11,287098
2995,5,2533,서대문,2024-11,1184657
2996,5,2534,광화문,2024-11,2086455
2997,5,2535,종로3가(5),2024-11,979712
2998,5,2536,을지로4가(5),2024-11,381131
2999,5,2537,동대문역사문화공원(5),2024-11,195974
3000,5,2538,청구(5),2024-11,225033
3001,5,2539,신금호,2024-11,401516
3002,5,2540,행당,2024-11,462649
3003,5,2541,왕십리(5),2024-11,309119
3004,5,2542,마장,2024-11,355898
3005,5,2543,답십리,2024-11,958352
3006,5,2544,장한평,2024-11,1175616
3007,5,2545,군자(5),2024-11,767500
3008,5,2546,아차산,2024-11,923896
3009,5,2547,광나루,2024-11,722790
3010,5,2548,천호(5),2024-11,1195620
3011,5,2549,강동,2024-11,1123006
3012,5,2550,길동,2024-11,529695
3013,5,2551,굽은다리,2024-11,587475
3014,5,2552,명일,2024-11,510970
3015,5,2553,고덕,2024-11,625524
3016,5,2554,상일동,2024-11,869404
3017,5,2555,둔촌동,2024-11,556697
3018,5,2556,올림픽공원(5),2024-11,336864
3019,5,2557,방이,2024-11,463444
3020,5,2558,오금(5),2024-11,225925
3021,5,2559,개롱,2024-11,415236
3022,5,2560,거여,2024-11,606089
3023,5,2561,마천,2024-11,433926
3024,5,2562,강일,2024-11,363557
3025,5,2563,미사,2024-11,1113495
3026,5,2564,하남풍산,2024-11,280314
3027,5,2565,하남시청,2024-11,511255
3028,5,2566,하남검단산,2024-11,409110
3029,6,2611,응암,2024-11,1071042
3030,6,2612,역촌,2024-11,245663
3031,6,2613,불광(6),2024-11,287535
3032,6,2614,독바위,2024-11,171504
3033,6,2616,구산,2024-11,438174
3034,6,2617,새절,2024-11,749202
3035,6,2618,증산,2024-11,582065
3036,6,2619,디지털미디어시티(6),2024-11,931611
3037,6,2620,월드컵경기장,2024-11,477531
3038,6,2621,마포구청,2024-11,862176
3039,6,2622,망원,2024-11,1006942
3040,6,2623,합정(6),2024-11,851256
3041,6,2624,상수,2024-11,696677
3042,6,2625,광흥창,2024-11,553444
3043,6,2626,대흥,2024-11,602951
3044,6,2627,공덕(6),2024-11,1128927
3045,6,2628,효창공원앞,2024-11,452083
3046,6,2629,삼각지(6),2024-11,470281
3047,6,2630,녹사평,2024-11,339583
3048,6,2631,이태원,2024-11,771309
3049,6,2632,한강진,2024-11,696988
3050,6,2633,버티고개,2024-11,136709
3051,6,2634,약수(6),2024-11,226916
3052,6,2635,청구(6),2024-11,228631
3053,6,2636,신당(6),2024-11,543864
3054,6,2637,동묘앞(6),2024-11,570234
3055,6,2638,창신,2024-11,203041
3056,6,2639,보문,2024-11,483581
3057,6,2640,안암,2024-11,836517
3058,6,2641,고려대,2024-11,569069
3059,6,2642,월곡,2024-11,716911
3060,6,2643,상월곡,2024-11,378480
3061,6,2644,돌곶이,2024-11,598443
3062,6,2645,석계(6),2024-11,775178
3063,6,2646,태릉입구(6),2024-11,382861
3064,6,2647,화랑대,2024-11,672911
3065,6,2648,봉화산,2024-11,517873
3066,7,2711,장암,2024-11,127735
3067,7,2712,도봉산(7),2024-11,628353
3068,7,2713,수락산,2024-11,765608
3069,7,2714,마들,2024-11,798647
3070,7,2715,노원(7),2024-11,1243032
3071,7,2716,중계,2024-11,867892
3072,7,2717,하계,2024-11,1092586
3073,7,2718,공릉,2024-11,769709
3074,7,2719,태릉입구(7),2024-11,525973
3075,7,2720,먹골,2024-11,600816
3076,7,2721,중화,2024-11,632351
3077,7,2722,상봉(7),2024-11,1050139
3078,7,2723,면목,2024-11,878195
3079,7,2724,사가정,2024-11,990246
3080,7,2725,용마산,2024-11,347536
3081,7,2726,중곡,2024-11,643360
3082,7,2727,군자(7),2024-11,810926
3083,7,2728,어린이대공원,2024-11,1079426
3084,7,2729,건대입구(7),2024-11,882305
3085,7,2730,자양,2024-11,544628
3086,7,2731,청담,2024-11,1133088
3087,7,2732,강남구청,2024-11,1001913
3088,7,2733,학동,2024-11,1360331
3089,7,2734,논현,2024-11,1096550
3090,7,2735,반포,2024-11,385950
3091,7,2736,고속터미널(7),2024-11,1024905
3092,7,2737,내방,2024-11,868002
3093,7,2738,이수(7),2024-11,986861
3094,7,2739,남성,2024-11,674522
3095,7,2740,숭실대입구,2024-11,910103
3096,7,2741,상도,2024-11,763601
3097,7,2742,장승배기,2024-11,551581
3098,7,2743,신대방삼거리,2024-11,872420
3099,7,2744,보라매,2024-11,418249
3100,7,2745,신풍,2024-11,686147
3101,7,2746,대림(7),2024-11,569647
3102,7,2747,남구로,2024-11,869443
3103,7,2748,가산디지털단지(7),2024-11,2377464
3104,7,2749,철산,2024-11,1297503
3105,7,2750,광명사거리,2024-11,1222282
3106,7,2751,천왕,2024-11,675392
3107,7,2752,온수(7),2024-11,587851
3108,8,2810,암사역사공원,2024-11,337245
3109,8,2811,암사,2024-11,963585
3110,8,2812,천호(8),2024-11,1108787
3111,8,2813,강동구청,2024-11,646818
3112,8,2814,몽촌토성,2024-11,484792
3113,8,2815,잠실(8),2024-11,1249095
3114,8,2816,석촌(8),2024-11,573599
3115,8,2817,송파,2024-11,580545
3116,8,2818,가락시장(8),2024-11,550782
3117,8,2819,문정,2024-11,1309073
3118,8,2820,장지,2024-11,1017513
3119,8,2821,복정(8),2024-11,571290
3120,8,2822,산성,2024-11,392795
3121,8,2823,남한산성입구,2024-11,814147
3122,8,2824,단대오거리,2024-11,722713
3123,8,2825,신흥,2024-11,320921
3124,8,2826,수진,2024-11,332617
3125,8,2827,모란(8),2024-11,296057
3126,8,2828,남위례,2024-11,466549
3127,9,4126,언주,2024-11,405226
3128,9,4127,선정릉,2024-11,349860
3129,9,4128,삼성중앙,2024-11,274329
3130,9,4129,봉은사,2024-11,768738
3131,9,4130,종합운동장(9),2024-11,179069
3132,9,4131,삼전,2024-11,304932
3133,9,4132,석촌고분,2024-11,268368
3134,9,4133,석촌(9),2024-11,356765
3135,9,4134,송파나루,2024-11,222535
3136,9,4135,한성백제,2024-11,134487
3137,9,4136,올림픽공원(9),2024-11,344062
3138,9,4137,둔촌오륜,2024-11,51287
3139,9,4138,중앙보훈병원,2024-11,423030
3140,1,150,서울역(1),2024-12,3344295
3141,1,151,시청(1),2024-12,1659213
3142,1,152,종각,2024-12,2326499
3143,1,153,종로3가(1),2024-12,1541170
3144,1,154,종로5가,2024-12,1387309
3145,1,155,동대문(1),2024-12,763174
3146,1,156,신설동(1),2024-12,841008
3147,1,157,제기동,2024-12,1022329
3148,1,158,청량리,2024-12,1380964
3149,1,159,동묘앞(1),2024-12,628599
3150,2,201,시청(2),2024-12,1538624
3151,2,202,을지로입구,2024-12,3165783
3152,2,203,을지로3가(2),2024-12,1496515
3153,2,204,을지로4가(2),2024-12,836927
3154,2,205,동대문역사문화공원(2),2024-12,1063772
3155,2,206,신당(2),2024-12,957167
3156,2,207,상왕십리,2024-12,862872
3157,2,208,왕십리(2),2024-12,946853
3158,2,209,한양대,2024-12,670547
3159,2,210,뚝섬,2024-12,1544278
3160,2,211,성수,2024-12,3075289
3161,2,212,건대입구(2),2024-12,2402357
3162,2,213,구의,2024-12,1508777
3163,2,214,강변,2024-12,1710852
3164,2,215,잠실나루,2024-12,845059
3165,2,216,잠실(2),2024-12,5331272
3166,2,217,잠실새내,2024-12,1444254
3167,2,218,종합운동장(2),2024-12,533563
3168,2,219,삼성,2024-12,3372104
3169,2,220,선릉,2024-12,3058722
3170,2,221,역삼,2024-12,2951053
3171,2,222,강남,2024-12,4739126
3172,2,223,교대(2),2024-12,1978335
3173,2,224,서초,2024-12,1329537
3174,2,225,방배,2024-12,1017396
3175,2,226,사당(2),2024-12,2849427
3176,2,227,낙성대,2024-12,1627062
3177,2,228,서울대입구,2024-12,2749955
3178,2,229,봉천,2024-12,1402671
3179,2,230,신림,2024-12,3338240
3180,2,231,신대방,2024-12,1496297
3181,2,232,구로디지털단지,2024-12,3342725
3182,2,233,대림(2),2024-12,1489308
3183,2,234,신도림,2024-12,3175166
3184,2,235,문래,2024-12,1399386
3185,2,236,영등포구청(2),2024-12,1355563
3186,2,237,당산,2024-12,1237549
3187,2,238,합정(2),2024-12,2135079
3188,2,239,홍대입구,2024-12,4985902
3189,2,240,신촌,2024-12,2428263
3190,2,241,이대,2024-12,1043303
3191,2,242,아현,2024-12,640859
3192,2,243,충정로(2),2024-12,622543
3193,2,244,용답,2024-12,186182
3194,2,245,신답,2024-12,103010
3195,2,246,신설동(2),2024-12,231446
3196,2,247,도림천,2024-12,80779
3197,2,248,양천구청,2024-12,418801
3198,2,249,신정네거리,2024-12,620388
3199,2,250,용두,2024-12,156959
3200,3,309,지축,2024-12,453069
3201,3,310,구파발,2024-12,1308004
3202,3,311,연신내(3),2024-12,2042622
3203,3,312,불광(3),2024-12,1047145
3204,3,313,녹번,2024-12,873893
3205,3,314,홍제,2024-12,1050869
3206,3,315,무악재,2024-12,256072
3207,3,316,독립문,2024-12,471092
3208,3,317,경복궁,2024-12,1581332
3209,3,318,안국,2024-12,1685351
3210,3,319,종로3가(3),2024-12,714115
3211,3,320,을지로3가(3),2024-12,717189
3212,3,322,동대입구,2024-12,694085
3213,3,323,약수(3),2024-12,757396
3214,3,324,금호,2024-12,473366
3215,3,325,옥수,2024-12,550397
3216,3,326,압구정,2024-12,1966083
3217,3,327,신사,2024-12,1725129
3218,3,328,잠원,2024-12,301874
3219,3,329,고속터미널(3),2024-12,3269112
3220,3,330,교대(3),2024-12,779649
3221,3,331,남부터미널,2024-12,1912945
3222,3,332,양재,2024-12,2252401
3223,3,333,매봉,2024-12,725810
3224,3,334,도곡,2024-12,362213
3225,3,335,대치,2024-12,688999
3226,3,336,학여울,2024-12,166646
3227,3,337,대청,2024-12,622858
3228,3,338,일원,2024-12,622838
3229,3,339,수서,2024-12,1182500
3230,3,340,가락시장(3),2024-12,562217
3231,3,341,경찰병원,2024-12,433788
3232,3,342,오금(3),2024-12,366033
3233,4,409,불암산,2024-12,554382
3234,4,410,상계,2024-12,1142626
3235,4,411,노원(4),2024-12,1405575
3236,4,412,창동,2024-12,1666563
3237,4,413,쌍문,2024-12,1722453
3238,4,414,수유,2024-12,2091926
3239,4,415,미아,2024-12,936100
3240,4,416,미아사거리,2024-12,1609218
3241,4,417,길음,2024-12,1286565
3242,4,418,성신여대입구,2024-12,1365924
3243,4,419,한성대입구,2024-12,851297
3244,4,420,혜화,2024-12,2377724
3245,4,421,동대문(4),2024-12,1161941
3246,4,422,동대문역사문화공원(4),2024-12,1159209
3247,4,423,충무로(4),2024-12,1816245
3248,4,424,명동,2024-12,2435918
3249,4,425,회현,2024-12,1711090
3250,4,426,서울역(4),2024-12,1088565
3251,4,427,숙대입구,2024-12,925676
3252,4,428,삼각지(4),2024-12,454157
3253,4,429,신용산,2024-12,1337184
3254,4,430,이촌,2024-12,632634
3255,4,431,동작,2024-12,110717
3256,4,432,이수(총신대입구),2024-12,1232126
3257,4,433,사당(4),2024-12,1576488
3258,4,434,남태령,2024-12,106666
3259,5,2511,방화,2024-12,406253
3260,5,2512,개화산,2024-12,363374
3261,5,2513,김포공항(5),2024-12,667276
3262,5,2514,송정,2024-12,384746
3263,5,2515,마곡,2024-12,684026
3264,5,2516,발산,2024-12,1414557
3265,5,2517,우장산,2024-12,881179
3266,5,2518,화곡,2024-12,1648418
3267,5,2519,까치산(5),2024-12,1626592
3268,5,2520,신정,2024-12,729707
3269,5,2521,목동,2024-12,1013215
3270,5,2522,오목교,2024-12,1316811
3271,5,2523,양평(5),2024-12,449593
3272,5,2524,영등포구청(5),2024-12,292927
3273,5,2525,영등포시장,2024-12,763305
3274,5,2526,신길(5),2024-12,336242
3275,5,2527,여의도(5),2024-12,2003802
3276,5,2528,여의나루,2024-12,895732
3277,5,2529,마포,2024-12,912693
3278,5,2530,공덕(5),2024-12,901552
3279,5,2531,애오개,2024-12,379050
3280,5,2532,충정로(5),2024-12,291024
3281,5,2533,서대문,2024-12,1173522
3282,5,2534,광화문,2024-12,2309294
3283,5,2535,종로3가(5),2024-12,966852
3284,5,2536,을지로4가(5),2024-12,372570
3285,5,2537,동대문역사문화공원(5),2024-12,198714
3286,5,2538,청구(5),2024-12,219537
3287,5,2539,신금호,2024-12,392900
3288,5,2540,행당,2024-12,456990
3289,5,2541,왕십리(5),2024-12,320655
3290,5,2542,마장,2024-12,356998
3291,5,2543,답십리,2024-12,954636
3292,5,2544,장한평,2024-12,1179091
3293,5,2545,군자(5),2024-12,774352
3294,5,2546,아차산,2024-12,885157
3295,5,2547,광나루,2024-12,684336
3296,5,2548,천호(5),2024-12,1224829
3297,5,2549,강동,2024-12,1113261
3298,5,2550,길동,2024-12,534797
3299,5,2551,굽은다리,2024-12,610081
3300,5,2552,명일,2024-12,508247
3301,5,2553,고덕,2024-12,619449
3302,5,2554,상일동,2024-12,859646
3303,5,2555,둔촌동,2024-12,602586
3304,5,2556,올림픽공원(5),2024-12,300514
3305,5,2557,방이,2024-12,451385
3306,5,2558,오금(5),2024-12,220648
3307,5,2559,개롱,2024-12,405482
3308,5,2560,거여,2024-12,598623
3309,5,2561,마천,2024-12,417703
3310,5,2562,강일,2024-12,356804
3311,5,2563,미사,2024-12,1120733
3312,5,2564,하남풍산,2024-12,280740
3313,5,2565,하남시청,2024-12,510172
3314,5,2566,하남검단산,2024-12,413250
3315,6,2611,응암,2024-12,1070833
3316,6,2612,역촌,2024-12,245619
3317,6,2613,불광(6),2024-12,284828
3318,6,2614,독바위,2024-12,168004
3319,6,2616,구산,2024-12,435260
3320,6,2617,새절,2024-12,733578
3321,6,2618,증산,2024-12,572213
3322,6,2619,디지털미디어시티(6),2024-12,915196
3323,6,2620,월드컵경기장,2024-12,284206
3324,6,2621,마포구청,2024-12,831822
3325,6,2622,망원,2024-12,1008633
3326,6,2623,합정(6),2024-12,864176
3327,6,2624,상수,2024-12,692749
3328,6,2625,광흥창,2024-12,569676
3329,6,2626,대흥,2024-12,569071
3330,6,2627,공덕(6),2024-12,1136804
3331,6,2628,효창공원앞,2024-12,426658
3332,6,2629,삼각지(6),2024-12,454189
3333,6,2630,녹사평,2024-12,319506
3334,6,2631,이태원,2024-12,773732
3335,6,2632,한강진,2024-12,753903
3336,6,2633,버티고개,2024-12,134702
3337,6,2634,약수(6),2024-12,232470
3338,6,2635,청구(6),2024-12,225371
3339,6,2636,신당(6),2024-12,562113
3340,6,2637,동묘앞(6),2024-12,562212
3341,6,2638,창신,2024-12,198188
3342,6,2639,보문,2024-12,473970
3343,6,2640,안암,2024-12,759139
3344,6,2641,고려대,2024-12,519209
3345,6,2642,월곡,2024-12,686084
3346,6,2643,상월곡,2024-12,366080
3347,6,2644,돌곶이,2024-12,586266
3348,6,2645,석계(6),2024-12,763252
3349,6,2646,태릉입구(6),2024-12,370863
3350,6,2647,화랑대,2024-12,633455
3351,6,2648,봉화산,2024-12,513930
3352,7,2711,장암,2024-12,118793
3353,7,2712,도봉산(7),2024-12,581736
3354,7,2713,수락산,2024-12,763035
3355,7,2714,마들,2024-12,779999
3356,7,2715,노원(7),2024-12,1283476
3357,7,2716,중계,2024-12,836150
3358,7,2717,하계,2024-12,1064802
3359,7,2718,공릉,2024-12,742531
3360,7,2719,태릉입구(7),2024-12,506282
3361,7,2720,먹골,2024-12,604400
3362,7,2721,중화,2024-12,630214
3363,7,2722,상봉(7),2024-12,1072666
3364,7,2723,면목,2024-12,860711
3365,7,2724,사가정,2024-12,978049
3366,7,2725,용마산,2024-12,337563
3367,7,2726,중곡,2024-12,637564
3368,7,2727,군자(7),2024-12,813094
3369,7,2728,어린이대공원,2024-12,957894
3370,7,2729,건대입구(7),2024-12,883603
3371,7,2730,자양,2024-12,475505
3372,7,2731,청담,2024-12,1089196
3373,7,2732,강남구청,2024-12,975863
3374,7,2733,학동,2024-12,1322963
3375,7,2734,논현,2024-12,1096129
3376,7,2735,반포,2024-12,379414
3377,7,2736,고속터미널(7),2024-12,1033275
3378,7,2737,내방,2024-12,855336
3379,7,2738,이수(7),2024-12,1005599
3380,7,2739,남성,2024-12,653738
3381,7,2740,숭실대입구,2024-12,796671
3382,7,2741,상도,2024-12,713528
3383,7,2742,장승배기,2024-12,548170
3384,7,2743,신대방삼거리,2024-12,860971
3385,7,2744,보라매,2024-12,415873
3386,7,2745,신풍,2024-12,687930
3387,7,2746,대림(7),2024-12,585729
3388,7,2747,남구로,2024-12,860738
3389,7,2748,가산디지털단지(7),2024-12,2318922
3390,7,2749,철산,2024-12,1296087
3391,7,2750,광명사거리,2024-12,1228932
3392,7,2751,천왕,2024-12,665524
3393,7,2752,온수(7),2024-12,556778
3394,8,2810,암사역사공원,2024-12,328783
3395,8,2811,암사,2024-12,958566
3396,8,2812,천호(8),2024-12,1140068
3397,8,2813,강동구청,2024-12,647687
3398,8,2814,몽촌토성,2024-12,452290
3399,8,2815,잠실(8),2024-12,1410451
3400,8,2816,석촌(8),2024-12,590063
3401,8,2817,송파,2024-12,586317
3402,8,2818,가락시장(8),2024-12,577517
3403,8,2819,문정,2024-12,1278361
3404,8,2820,장지,2024-12,1021100
3405,8,2821,복정(8),2024-12,537885
3406,8,2822,산성,2024-12,368191
3407,8,2823,남한산성입구,2024-12,764269
3408,8,2824,단대오거리,2024-12,706692
3409,8,2825,신흥,2024-12,323793
3410,8,2826,수진,2024-12,333034
3411,8,2827,모란(8),2024-12,297479
3412,8,2828,남위례,2024-12,449726
3413,9,4126,언주,2024-12,400204
3414,9,4127,선정릉,2024-12,347081
3415,9,4128,삼성중앙,2024-12,267928
3416,9,4129,봉은사,2024-12,780460
3417,9,4130,종합운동장(9),2024-12,181862
3418,9,4131,삼전,2024-12,303912
3419,9,4132,석촌고분,2024-12,270330
3420,9,4133,석촌(9),2024-12,359984
3421,9,4134,송파나루,2024-12,236618
3422,9,4135,한성백제,2024-12,123910
3423,9,4136,올림픽공원(9),2024-12,317214
3424,9,4137,둔촌오륜,2024-12,77633
3425,9,4138,중앙보훈병원,2024-12,424873
